date,Ticker,net_profit_to_total_revenue,DECM,ROE,ROA,ACCA,GMI,financial_liability,net_profit,EBIT,LTD/TA,WCR,QR,EV/OCL,D/E,P/E,P/S,PriceToCashFlow,priceToBook,net_asset_per_share,net_operate_cash_flow_per_share,eps,retained_earnings_per_share,cashflow_per_share,market_cap,PEG,net_profit_growth_rate,total_revenue_growth_rate,net_asset_growth_rate,net_operate_cashflow_growth_rate,VOL20,DAVOL20,VOSC,VMACD,ATR14,beta,liquidity,growth,momentum,Variance60,sharpe_ratio_20,Kurtosis60,Skewness60,sharpe_ratio_60,ROC60,Volume1Q,TRIX30,Price1Q,PLRC36,MAC60,boll_up,boll_down,MFI42
2021-01-31,A,0.18604651162790697,0.5034112052925367,0.05995004163197336,0.029770518916683895,0.0051684928674798425,0.009988308495420095,4870000000,288000000,328000000,0.5034112052925367,0.024602026049204053,1.189922480620155,0.04887063655030801,1.0137385512073271,32.09546875,23.885,155.35285714285715,7.696498751040799,15.699346405228757,0.7777777777777778,0.94,0.013071895424836602,0.6437908496732027,36772020000.0,1.3055555555555556,1.2972972972972974,1.0438300741739717,0.9858403447568234,-0.3687002652519894,0.015640606844981947,1722209.7,16640.466666666558,12607.29592547915,2.472142857142856,0.01394045597087379,1805359.5333333334,0.13874698753705883,0.002312449792284314,0.00020087799747853377,-0.23802111881347357,0.853972849228454,-0.4110222526558376,-0.9027301483919141,0.14186621056632467,108321572.0,0.0025244484384081556,14.930000000000007,0.0607177544677544,3.176743331156871,129.58898032078076,105.3950196792192,58.83216706705326
2021-04-30,A,0.14163934426229507,0.5374110405847279,0.04490644490644491,0.0207732256203116,-0.024620119253702635,-0.005605964332613289,5588000000,216000000,288000000,0.5374110405847279,0.04539334487401423,1.2236065573770492,0.08446671438797423,1.1617463617463617,47.02148148148148,26.64036721311475,86.07322033898305,8.446270270270269,15.822368421052632,1.5526315789473684,0.71,-0.039473684210526314,1.450657894736842,40626559999.99999,0.7553191489361702,0.75,0.9851421188630491,1.0012489592006661,0.9831932773109244,0.009882245910106245,1602828.75,-183950.56666666665,-19995.705749143614,1.7514285714285702,0.010979211138362156,1698150.5666666667,0.0958388543103712,0.0015973142385061867,0.0001986186511076031,-0.2716390368060583,0.5107235924636959,-0.3787000953795238,-0.9585933007130023,0.09406467458043373,101889034.0,0.0015843688927368316,11.48999999999998,0.07454093396671957,3.746867264529996,137.73260924677592,115.52539075322406,57.639552303710516
2021-07-31,A,0.1664564943253468,0.5285482794776475,0.05337646583097452,0.025164426651415498,-0.006672385854541989,0.0014627994955864754,5545000000,264000000,336000000,0.5285482794776475,0.03183681250595749,1.223203026481715,0.06023444544634806,1.1211079660331582,43.966562499999995,29.27407944514502,139.00805389221557,9.387118883946624,16.323432343234323,1.1023102310231023,0.87,0.297029702970297,0.9207920792079208,46428690000.0,1.2253521126760565,1.2222222222222223,1.04,1.0282744282744283,-0.2923728813559322,0.007133181142492762,1876008.9,612364.0833333333,103901.31534045911,1.8549999999999958,0.006457653057419927,1697735.9166666667,0.14157888137481667,0.0023596480229136113,8.867905844430251e-05,-0.4454305788121566,1.0704570401860107,0.31083479959943155,-1.35365672981861,0.1489090500112468,101864155.0,0.002324344806117651,19.859999999999985,0.057577487571064845,5.744861910457786,157.74533550209136,127.19333116457531,53.49665275605907
2021-10-31,A,0.26626506024096386,0.49659037832788416,0.08201892744479496,0.041289117234936945,9.341429238673517e-05,0.004968170285175932,5316000000,442000000,395000000,0.49659037832788416,0.04119570294255021,1.2060240963855422,0.08295711060948081,0.9864538875487103,26.916957013574663,28.668180722891567,107.91197278911565,8.830799777324179,17.785478547854787,1.4554455445544554,1.46,1.1485148514851484,1.2508250825082508,47719470000.0,1.6781609195402298,1.6742424242424243,1.0466582597730139,1.0895673271330368,0.32035928143712566,0.012158762567480245,1349054.2,516083.31666666665,-86735.16573908948,2.665714285714281,0.012251581527002607,1483724.6833333333,0.020627247912001767,0.00034378746520002945,0.00016636195950378368,-0.3669224964890901,1.331339343874224,-0.9544512686276446,-1.14459827312425,0.015802373581011463,89023481.0,-0.000169573999605932,2.450000000000017,-0.09224203326499769,1.1973030436622878,182.68538401832674,145.1849493150066,46.218769385712775
2022-01-31,A,0.16905615292712067,0.5009199186598238,0.05490880869227784,0.027403892708434203,0.002711339207901617,0.0014394495544903796,5173000000,283000000,376000000,0.5009199186598238,0.024692553500532583,1.2449223416965352,0.04929441329982602,1.003686457120683,37.045335689045935,25.050967741935484,164.45223529411763,8.136461001164143,17.122923588039868,0.8471760797342193,0.94,0.5282392026578073,0.5980066445182725,41935320000.0,0.6438356164383562,0.6402714932126696,1.008433734939759,0.9563926516979031,-0.4217687074829932,0.01870969662969066,2005085.85,-26560.18333333335,96439.15397882089,4.0785714285714265,0.011689418148820315,1729560.1833333333,-0.11839175410384106,-0.0019731959017306845,0.0002887642696046691,-0.6216837776071553,0.04834191317454962,-0.23449586130286246,-1.0051258742452578,-0.1193426042983565,103773611.0,-0.0016067198298224117,-18.879999999999995,-0.04962894248608529,-4.694133892656794,168.130592113933,135.39774121940036,39.88719970001637
2022-04-30,A,0.17050404480398257,0.5100908656145385,0.053494728621632175,0.02620755619320899,-0.000860832137733142,-0.007827165945880399,5333000000,274000000,360000000,0.5100908656145385,0.027068388330942134,1.3528313627878035,0.05306581661353835,1.0411948457633737,32.53807481751825,22.191493466085873,126.01318021201412,6.96246192893401,17.130434782608695,0.9464882943143813,0.92,0.5351170568561873,0.7324414715719063,35661730000.0,0.9787234042553192,0.9681978798586572,0.9599761051373955,0.993791230112534,0.1098039215686275,0.02205593888407599,2195858.15,113355.91666666651,107659.07274958515,4.082857142857142,0.01299963720816685,2155844.0833333335,-0.1758659091206326,-0.0029310984853438767,0.00047106521703702497,-0.4515883699247736,-0.9819874059863288,0.10269909365978167,-0.8310929591184777,-0.17311425402107605,129350645.0,-0.0018096808466359082,-24.970000000000013,-0.020402888255207086,-5.842357960693278,144.52111994020277,119.92021339313057,46.55489537874364
2022-07-31,A,0.19150174621653085,0.5144028996566196,0.06462384600274995,0.03138115223197253,0.00028615032430370085,0.010784815848590257,5393000000,329000000,411000000,0.5144028996566196,0.03109500190766883,1.370779976717113,0.06044872983497126,1.05932036927912,30.21439209726444,23.14443538998836,121.969754601227,7.810280887841289,17.083892617449663,1.0939597315436242,1.1,0.4664429530201342,0.8187919463087249,39961800000.0,1.1956521739130435,1.2007299270072993,1.0690728064716863,0.9939476766887935,0.15194346289752647,0.022774368824247035,1363086.65,499077.78333333344,-159532.29621708766,3.6528571428571417,0.013628675659804652,1715839.2166666666,0.10997681817385119,0.0018329469695641865,0.0006317838947739156,0.05803872363784695,-0.020897547200143304,0.004673006337045975,-0.5281027319790162,0.09558823529411754,102950353.0,-0.0007691684240745955,11.699999999999989,-0.06456555469356096,-1.7220711095631032,131.45818781243494,111.58214552089841,58.47094159531317
2022-10-31,A,0.1990265008112493,0.49629699962020507,0.06936852026390197,0.03494113178883403,-0.007595898214963919,0.0007571030749402574,5227000000,368000000,471000000,0.49629699962020507,0.04253703000379795,1.321254732287723,0.08570881959058733,0.985296889726673,27.82038043478261,22.147971876690104,91.40982142857142,7.719434495758717,17.9222972972973,1.5135135135135136,1.24,1.0945945945945945,1.277027027027027,40951600000.0,1.1272727272727272,1.1185410334346504,1.0762514551804423,1.0420349636613633,0.3742331288343559,0.021341321364342025,1283420.55,-102281.46666666656,-110657.37966052443,3.749285714285718,0.011474897332851166,1409915.4666666666,0.04860318748572656,0.0008100531247621094,0.0004686180058941757,-0.012177394244576149,1.0213444218601193,0.4774214597805216,-0.6604394701318135,0.03547638649801647,84594928.0,0.00017517902457497847,4.739999999999981,-0.059168301484657015,1.2198533236067135,140.61714499837817,121.00985500162186,54.795208448882754
2021-03-27,AAPL,0.2637747812109305,0.7948202326505673,0.3415825840585157,0.07008583512774426,-0.0010410549356681437,0.02728658704453568,267980000000,23630000000,27963000000,0.7948202326505673,0.07112689006341241,0.4270293802464726,0.08948802149414135,3.873774899534534,21.48422371942446,22.667985644311486,84.6790720136775,29.354546618289046,4.129172954913954,1.431404444068801,1.41,0.9109154422640412,1.2959698632092826,2030688825960.0,0.8294117647058823,0.8217701269344462,0.8038837390859573,1.0446061850688573,-0.3813430333049558,0.024460285006052004,118301520.8,-16537084.433333337,969735.4603710473,2.7085714285714286,0.013978705606586686,110608318.43333334,-0.09383513578669755,-0.0015639189297782926,0.0004368557594971562,-0.19413859385770288,-0.05122644934138622,0.3286036854070746,-0.7976085906051504,-0.10128271669014614,6636499106.0,-0.0007437483495766894,-13.66000000000001,-0.059357008942644285,-1.2828433169105438,142.19214750294003,115.5681858303933,34.1157503472044
2021-06-26,AAPL,0.2670137780288332,0.8051176327916566,0.3382700684505289,0.06592287169536745,0.0019706524375454767,0.007862534828075474,265560000000,21744000000,24315000000,0.8051176327916566,0.06395221925782198,0.4799715106712184,0.07943214339508962,4.131300560049782,25.449958308153974,27.181958074145935,104.93673906371481,34.43583655584941,3.865449871796113,1.2684785251348352,1.31,0.555222443470652,1.1426168794959233,2213535573810.0,0.9290780141843973,0.9201862039779941,0.9090239328451509,0.9291971436005666,-0.12038697302030776,0.010014246326229229,74398628.75,-12858815.36666666,-7514207.57543166,1.992142857142854,0.017368823860661266,83642561.36666666,0.09132948838326072,0.001522158139721012,0.00018090682170792273,-0.19245808667619027,-0.1869807640124515,-0.26383753156622747,-1.0100114012984314,0.08972574703233735,5018553682.0,4.689980970873364e-05,10.960000000000008,-0.0029035475756786777,0.7739758882633225,136.5825455745629,121.90978775877042,48.07223094421382
2021-09-25,AAPL,0.2465331094049904,0.8202574344305731,0.32574100491361546,0.05854952393433656,0.000999994302026769,-0.010974303484323766,287912000000,20551000000,23261000000,0.8202574344305731,0.05754952963230979,0.6968090211132437,0.07016032676651199,4.563512442542399,29.46678771495304,29.058155198176582,119.9152384811881,38.394164167379934,3.826623216994647,1.2251987475557438,1.25,0.33735422940123994,1.0297128285769237,2422287817320.0,0.9541984732824427,0.9451342899190581,1.023651054841958,0.9814872433105165,-0.04238171992035655,0.014337083826379764,84218953.2,-27082055.11666666,-627402.5944326371,2.93214285714286,0.016821485287182702,80559955.11666666,0.07513865221986227,0.001252310870331038,0.00016586515340240104,-0.35733286471390374,0.3280235927048893,-0.2536728152867176,-1.0757674152320265,0.07272196261682227,4833597307.0,0.001620881123009621,9.95999999999998,0.013742391592000303,3.72327436338648,154.60275286118133,140.41924713881866,54.53844658216429
2021-12-25,AAPL,0.2793981201339304,0.811296699030145,0.4814269031863427,0.09084684580695766,-0.03236172942173346,0.015684686818165705,309259000000,34630000000,41285000000,0.811296699030145,0.12320857522869112,0.5738755092984792,0.1518662350974426,4.299324361897347,20.860042641640195,23.31302679995159,61.523934478558964,40.17034291719958,4.388312053082397,2.8652263788726553,2.11,0.8806273214458711,2.694225451819467,2889533106720.0,1.688,1.6850761520120676,1.4868642034548945,1.1401489935013474,1.3250495049504951,0.02159730765158089,122256806.6,-22485820.483333334,11239986.177147657,4.703571428571428,0.012258581172155671,90842420.48333333,0.2176674933210453,0.003627791555350755,0.00023339163870293793,-0.024884959493048187,0.35291124166627164,-0.256209972753556,-0.7513950027501406,0.23419449695442124,5450545229.0,0.002750627559616081,33.44999999999999,0.08574041979587887,7.762620748810093,179.65643448356755,132.38023218309914,64.4580475875208
2022-03-26,AAPL,0.25709821336787353,0.807794970655503,0.37107375480348376,0.07132224193097626,-0.009000119773457061,-0.00013894684322635076,283263000000,25010000000,30130000000,0.807794970655503,0.08032236170443333,0.5228314726865273,0.09943409481647797,4.2027774892802565,28.430950474210317,29.238186285079873,100.98105110558829,42.19991818038843,4.1402923876093585,1.7302256025965548,1.54,0.780892844571732,1.5757916338069595,2844232285440.0,0.7298578199052134,0.7222061796130522,0.7848481181169067,0.9369821498081522,-0.40028957117915087,0.020461144005663526,94464775.5,-13731021.533333331,192478.6366327852,4.457857142857138,0.015407066346817726,94277221.53333333,-0.015589699020352454,-0.0002598283170058742,0.00036740976956743275,-0.09287239622957157,1.5147868938974518,0.9124856407057824,-0.8016931029729819,-0.02597836994090755,5656633292.0,-0.0005382685049267755,-4.659999999999997,-0.05666767768678593,0.6829152291695948,181.76789241935464,154.0644409139787,52.59906383524434
2022-06-25,AAPL,0.2343567304331055,0.8272213946103137,0.3345896363605073,0.057809930748210725,-0.010258423057366886,-0.0049356416975464,278202000000,19442000000,23063000000,0.8272213946103137,0.0680683538055776,0.5746814691594643,0.08228553353318811,4.7877536269296295,29.441965701831087,27.599691277619065,100.01934250829984,39.40390639165677,3.59507503119017,1.4163260470168029,1.2,0.3272299695383484,1.2862754900174442,2289642788700.0,0.7792207792207791,0.7773690523790484,0.8528033059890212,0.8621344530334278,-0.1872470354327913,0.026065323347874557,86601446.85,-6405280.483333334,-1346509.362735942,3.6257142857142832,0.013893724807208015,95522117.48333333,-0.21368704348371104,-0.003561450724728517,0.0006595584891029603,-0.16425394025470202,-0.6833760081191232,-0.16299830432546777,-0.7269106134991877,-0.20842646401430492,5731327049.0,-0.002974740045515123,-37.30000000000001,-0.09770643480199537,-7.4087651521907105,180.29403363323513,125.92463303343158,46.88722585954854
2022-09-24,AAPL,0.22986044860559537,0.8563535598361469,0.40892406062519737,0.05874048560615725,-0.009655426570849456,-0.009970834069060075,302083000000,20721000000,24894000000,0.8563535598361469,0.0683959121770067,0.7307922703170412,0.07986877778623756,5.961536943479634,29.09428073283143,26.750497684423046,99.94820592116716,47.58940567295548,3.1609976605672903,1.5050795420845242,1.29,-0.1913865808063713,1.2999066397793888,2411450364260.0,1.0750000000000002,1.0657854130233515,1.086633156137369,0.8720463971638529,0.05394897780884156,0.02191411692472263,91270528.35,19965026.21666667,2653172.6598961353,4.124285714285711,0.015025700012933425,76064882.78333333,0.08746346187923626,0.0014577243646539376,0.0003396034777423393,-0.4967304587904756,0.9008890141958964,-0.28410762012746726,-0.7406665038352275,0.08044243338360998,4563892967.0,0.00102478785886162,11.200000000000017,-0.02507407184467314,0.7170654934200797,176.13241112347887,138.8175888765211,46.069742416884736
2022-12-31,AAPL,0.2560561312460522,0.8364023336899814,0.5288134398082042,0.08651264466599567,-0.011555975970952885,0.007030308842765731,290020000000,29998000000,35623000000,0.8364023336899814,0.09806862063694856,0.5206821790122403,0.11725053444590028,5.1125566308812385,17.208993094456297,17.625872777626032,60.72464341685047,36.40138733566027,3.5693694529250903,2.1396585091176634,1.89,0.20386688926749683,1.9013733518164257,2064941499390.0,1.4651162790697674,1.4477100526036388,1.2996028664610741,1.1194940006315124,0.40941683590997635,0.018554069971837936,80224051.7,-6089938.11666666,-1686916.252834335,3.9871428571428558,0.015025700012933425,83124147.11666666,-0.10030435158082207,-0.0016717391930137012,0.0006516383474665104,-0.616544402958679,2.567944487014599,1.1335072665886639,-0.6572874305855648,-0.11249999999999999,4987448827.0,-0.0014022201719411376,-16.47,0.016877737953006733,-4.731052192001755,156.4758916577071,129.13910834229284,43.586058945733996
2021-03-31,ACGL,0.1931887826188673,0.6825870678955043,0.03266169698221017,0.009676735506099446,-0.007580535155124278,-2.434253713048601,30173261000,427753000,23834000,0.6825870678955043,0.017257270661223723,1.1824628721087937,0.02528215296318154,2.3039228427319967,8.9882472660332,6.945714188809265,20.160057326390024,1.1742856344174217,32.675184704133635,1.9032683974451152,1.07,31.91108797894313,1.872106336627925,15378998931.15,0.8106060606060607,0.8023262138908844,0.9951567385650085,0.9992816967887558,0.3743592977272523,0.013932971891381218,2106877.65,-300576.0666666669,-146581.62601221353,0.8592857142857139,0.011747654895424781,3025876.066666667,0.102268556597917,0.0017044759432986167,0.00025150825719431294,-0.144783287320445,0.28361351382789646,0.06258415327657459,-0.8451029564411219,0.09942693409742118,181552564.0,0.0016910693441021252,3.469999999999999,0.07084756791931013,1.0361138895395001,39.29146284558326,31.89953715441674,71.14454221576324
2021-06-30,ACGL,0.2731730201416852,0.6781008627748022,0.0474629331237534,0.01428126216737419,-0.003999558021376327,0.01730786350971647,31519407000,663820000,-115485000,0.6781008627748022,0.01828082018875052,-13.551538146569905,0.02695885109767452,2.253628252450009,5.83295474446386,6.373623455579858,18.227181287495867,1.1073965638014733,35.163555019826575,2.1363698196557386,1.67,33.82591875150703,2.1084749508930885,15488128073.88,1.5607476635514017,1.5518769009217936,1.0974920184574724,1.067926690485804,0.11389207506111987,0.012983684813400008,1994048.35,460159.56666666665,-45588.06165829953,0.6821428571428575,0.012513115560163976,1657940.4333333333,-0.02100614330734285,-0.0003501023884557142,0.00013830843110153388,-0.42977384544877667,0.6665238091264433,-0.3926616210722806,-1.3143257566584345,-0.024793388429752115,99476426.0,0.00034782306644776106,-0.990000000000002,-0.015350144733912274,0.4014901724567892,40.948563931697365,38.22843606830263,54.553071989473466
2021-09-30,ACGL,0.19132539062269302,0.7008341823022537,0.029038300280425224,0.008680629056941565,-0.013983380037788718,-0.016425851881871845,31385973000,388751000,54799000,0.7008341823022537,0.022664009094730285,-16.18145622486323,0.032338618273838445,2.3444192003810116,9.557846616214492,7.31463494943609,14.64314997610788,1.1101744803035303,34.39099049508082,2.6073624911508397,1.0,35.56050282497515,2.579562037270282,14862489719.6,0.5988023952095809,0.5856271278358591,0.8361542117706123,0.9572041385172334,0.19447657894829762,0.013665697861523688,2383554.35,504310.8666666667,169810.1067290099,0.7078571428571431,0.009993995974551686,1870616.1333333333,-0.016385996652873325,-0.0002730999442145554,0.0001815239085604613,-0.5729761558158472,0.33556469548004414,-0.3191577965248009,-1.1415409606219802,-0.02152742183495652,112236968.0,0.00019000582080597184,-0.8400000000000034,-0.012819464879298081,0.058301236205117846,42.49495338354175,36.75904661645824,44.98160459059857
2021-12-31,ACGL,0.2725995401546542,0.6994491135385301,0.04525953838712478,0.013593528916079253,-0.0041445473038314385,2.6104160437031663,31545816000,613081000,-61636000,0.6994491135385301,0.017738076219910692,1.0168535853664067,0.025360066767649948,2.3288098476468444,6.87744669827478,7.4991552295514,21.08205408585457,1.245080251383888,35.70051002784319,2.1084283257685326,1.62,38.09876146215632,2.0900139319503204,16865727596.900002,1.62,1.577053177998256,1.1068628917792551,1.0118296689022304,-0.2118024116755125,0.009420684684358258,1326127.2,-881422.3833333333,-202156.54571661586,0.7299999999999994,0.006815107580364539,1658938.3833333333,0.11237809077465777,0.0018729681795776295,0.0002214413075352683,-0.26265916774001613,0.8715592582551229,-0.42821494779472535,-0.8893280585261522,0.11152788197049264,99536303.0,0.001073912158447765,4.460000000000001,0.021305991855730122,0.9102931231946911,44.719333029975004,40.605000303358324,50.87157925310158
2022-03-31,ACGL,0.09741422834314109,0.7169453850820465,0.014396742806601664,0.004071987395403834,-0.008003053377559202,-2.652982395469473,32748589000,186000000,3261507000,0.7169453850820465,0.012075040772963038,0.925686560816855,0.0168423439556434,2.534801145764002,24.35317741935484,9.48938394404024,32.84985396047233,1.4024257273199634,34.525892570817746,1.4739791555318011,0.5,39.127429182255476,1.442525387493319,18118764000.0,0.30864197530864196,0.3033856863938044,0.8489806880072494,0.9537640773264463,-0.3105496972515137,0.01617415037352301,2071365.45,483133.6499999999,88397.03931971802,0.7071428571428565,0.006395518467691411,1894166.35,0.07691024713312611,0.0012818374522187684,0.00022113663303498061,-0.18089008656109684,0.10324625152466485,0.21989048270349867,-0.9296919601081921,0.07290050963882116,113649981.0,0.0008261973909091669,3.289999999999999,-0.03014061779621957,0.9899965642325697,48.737073171126696,44.35326016220664,47.776952572264946
2022-06-30,ACGL,0.17553582980331076,0.7282098848899218,0.0317292454898166,0.008617824714932639,-0.011120165416739412,0.03037510390969267,33293169000,394000000,34354000,0.7282098848899218,0.01973799013167205,0.7828381203231285,0.027104809397987917,2.68113485364201,10.656667512690357,7.482507899112341,18.611275425114002,1.3525120784540223,33.63371072589383,2.444217226435536,1.07,40.72492957746479,2.4115520043336947,16794908000.0,2.14,2.118279569892473,1.1755467242632656,0.9611424945483947,0.6360869021308535,0.017972054473197236,1645449.6,532151.8333333333,-60617.07602014835,1.0135714285714283,0.004849202914143008,1956648.1666666667,-0.02631534756144438,-0.000438589126024073,0.00027121765755589664,-0.34737259736799336,-0.2906351856944365,-0.2805014620553748,-0.9439466974811267,-0.03377230246389117,117398890.0,-0.0007534724453891473,-1.5899999999999963,0.00745736891247728,-0.4265465776663646,49.462509545660986,43.156157121005684,58.8397182143281
2022-09-30,ACGL,0.003907247059747501,0.74525775283669,0.0008266985216755079,0.00021043611184678267,-0.029565896047366275,0.015154026047423108,34533086000,9751000,1920021000,0.74525775283669,0.02977633215921306,-13.106505039431099,0.039954407781569244,2.9277459896516436,426.39749769254433,6.664161476571544,12.05379239267432,1.410008723954249,32.297672508214674,3.778064074479737,0.0267,41.189926067908,3.738214676889376,16631208000.0,0.024953271028037384,0.024748730964467006,1.1118541929896157,0.9498729461152049,0.5289687003064034,0.020976240119601107,1560728.1,796291.5833333333,8412.236274156952,1.360000000000001,0.008237541745185113,1548053.4166666667,0.02378721143663376,0.000396453523943896,0.00025044242015257405,-0.2383142143067712,0.2326601936850657,-0.1930600910624248,-0.9295528475370186,0.016517857142857188,92883205.0,0.0002858341066829251,0.740000000000002,0.018215540324759916,-0.054973792079195505,48.307514857308554,42.070485142691446,57.466924100888605
2022-12-31,ACGL,0.29138904047371295,0.7307612941034359,0.06659048326062912,0.01791370947591781,-0.00253846036675545,-0.2889886986668624,35069605000,859688000,888611000,0.7307612941034359,0.02045216984267326,0.0,0.027987483748391235,2.7164528814050857,6.680144484278018,7.78608356599815,23.404102052551682,1.779336197835597,35.28282068131151,2.682435748187796,2.32,43.43251038555296,2.6461173320150952,22971360205.600002,86.89138576779025,88.16408573479643,1.1821956797091222,1.0945275626933535,-0.28863148297262764,0.012824327097264486,1884073.4,-2854237.566666667,-422876.748280338,1.0507142857142864,0.008237541745185113,3970337.566666667,0.283040231899768,0.004717337198329467,0.00045546895171323567,-0.19217901585025246,5.6617937740616,1.2497475399716962,-0.48682286378760087,0.30900750625521267,238220254.0,0.004357321167209216,14.82,0.03563659813659803,3.952420340854303,67.18236550871515,45.28930115795151,70.30740801762094
2021-02-28,ACN,0.11919623597538907,0.52876733685877,0.07870094358064908,0.03603462673789366,-0.02735653445116131,-0.03400767678341704,21142974000,1440859000,1653515000,0.52876733685877,0.06339116118905498,0.7218151698464402,0.11988479009622771,1.1548472153771676,28.487903028124197,13.582603247137172,64.77565218294242,8.968099395789618,28.78647845062936,3.98544810125404,2.27,22.069084679071963,3.839990749597976,159570889582.0,0.9578059071729957,0.9603959538111654,1.0277108377397566,1.022423476255914,0.5813887181854764,0.013243458665478167,1847261.75,747611.0833333333,6919.7124052410945,4.62071428571429,0.013463415432641979,1965233.9166666667,0.013660240687795588,0.00022767067812992647,0.00022064938176079724,-0.34847771992021953,6.54834454183266,1.504726920167877,-1.00168514329126,0.0072664498775543065,117914035.0,0.0007480545538767203,1.8100000000000023,-0.010748380204025465,2.537001613659271,265.7772123722521,243.67978762774797,46.68752624574882
2021-05-31,ACN,0.11681619023816336,0.5277384265319283,0.08010331468819608,0.03678172739894073,-0.02021902303636017,0.034642121098952816,22230920000,1549426000,2118656000,0.5277384265319283,0.0570007504353009,0.7142330683639184,0.1080094750914492,1.149309731841412,28.787439694222247,13.451356127159684,74.30440836375904,9.223877363575006,30.451402260527892,3.7801256504855694,2.44,23.621209618388384,3.5310528147965776,179229090946.48,1.0748898678414096,1.0753488023463782,1.0972582596556537,1.0565226389495712,-0.0526965295194225,0.011145074934990267,1954604.35,-102531.03333333321,38328.288622474065,4.248571428571426,0.010481521618382447,2108231.033333333,0.13692062259047288,0.0022820103765078814,0.00012610428871824632,-0.5666594286357107,4.278951419280797,0.9725613370139417,-1.1420660069438398,0.1423481781376519,126493862.0,0.0016588748882839788,35.160000000000025,0.009861199009289834,6.876143988905596,302.7804233442553,257.1239099890781,53.86194749861546
2021-08-31,ACN,0.10553826865874513,0.5345287409906507,0.07252295543609798,0.03280186098508835,-0.023628583233453022,0.0007601170192299,23078729000,1416248000,1958689000,0.5345287409906507,0.056430444218541376,0.7249427018609935,0.10557045840782653,1.1818111197959553,37.63929238110839,15.889543005769907,87.51579778325026,10.918850896005544,30.823756382928913,3.845705672860981,2.24,22.08007756416871,3.47273362932819,213226290224.64,0.918032786885246,0.9140468792959457,1.0117228138703893,1.0095863354123966,0.014693792557732843,0.007470097733977573,1457942.75,-130413.25,-141313.29752194392,3.817857142857146,0.011006905174545825,1771748.25,0.17823822292831193,0.002970637048805199,6.063162289815016e-05,-0.29794388001299654,-0.3045553067788026,0.0025074158831322898,-1.5586120168358384,0.1926716042382792,106304895.0,0.002303226572715422,54.370000000000005,0.033647691084222275,13.03798969843615,344.22655283233235,276.78344716766765,69.76140586611345
2021-11-30,ACN,0.11967963174182047,0.5205774193107444,0.08799717430169085,0.04100823214918517,0.02885312914148115,-0.004271540754353598,22736085000,1791024000,2434294000,0.5205774193107444,0.012155103007704018,0.7430863554151435,0.023349270553835455,1.1170767307881184,31.543017443764015,15.100226846781986,425.6725364482143,11.102785616000707,32.19011988171106,0.839612541091149,2.83,23.898693184060782,0.5522861473861432,225977205096.8,1.263392857142857,1.2646259694629753,1.1151975768602855,1.0422427032970454,-0.7821113004590319,0.013813945334036471,2194425.35,2728077.3166666664,161569.05363938585,6.017857142857147,0.010309666881984442,2033149.6833333333,0.04486325522592627,0.0007477209204321045,0.0001590454695222469,-0.3350411725574511,0.4501605640906544,0.08071754589718737,-1.1386000307189037,0.04098098039786792,121988981.0,0.0020738002711131465,14.069999999999993,0.0979658046065377,12.944385916953763,379.66355100739526,315.3151156592714,57.42970910512013
2022-02-28,ACN,0.10865789579145398,0.5226080415431827,0.07952043633414223,0.03689128600748272,-0.011745857542641352,-0.02788784894575913,23160858000,1634942000,2061580000,0.5226080415431827,0.04863714355012407,0.7703271409870595,0.09306619815207191,1.126499615297123,30.634572988864438,13.31475295775889,92.94532625540421,9.744298443938511,32.43127268916746,3.4000633784598215,2.54,25.283112705651106,3.1403295561290627,200343000126.24,0.8975265017667844,0.9128532057638535,1.0054486579589264,1.0101617441071549,3.060295250635277,0.022179592749833745,2570449.35,712948.0833333335,142225.39923748048,9.482142857142852,0.011085085344669041,2706421.9166666665,-0.11708528750578462,-0.0019514214584297437,0.00045688540247513734,-0.3986215381943356,0.832892089150742,0.290080478256378,-0.798058138285802,-0.12250791358915979,162385315.0,-0.0017083018936264738,-44.120000000000005,-0.13717122379441715,-8.348261588970672,421.646003896768,302.0606627698987,32.729672769719585
2022-05-31,ACN,0.11053263041823086,0.5224725360763175,0.0835040044239368,0.03874752853865602,-0.02773781338351123,0.028245069161343894,24083475000,1786075000,2603118000,0.5224725360763175,0.06648534192216725,0.7561868289377622,0.12725136218921895,1.1259698517384606,26.433716173637723,11.68715272160444,61.622074412721815,8.829284609218135,33.80341819408511,4.843394235660187,2.82,27.147172102919058,4.535822253637009,188850398459.31998,1.110236220472441,1.0924393648215043,1.0739105928458832,1.040324419870542,0.4217884261280367,0.027287897949939622,2411592.55,1644512.7166666668,-10497.934169706888,8.593571428571424,0.014640474447960418,2499191.283333333,-0.03637087204161493,-0.0006061812006935822,0.0005008751670864751,-0.20785229834014693,0.06625737539687986,-0.37399150047475427,-0.7020994666406576,-0.04997453526865306,149951477.0,-0.002559193046253294,-15.700000000000045,-0.11839427425201487,-14.481236576904621,351.01461820504056,270.9523817949594,41.83219760973638
2022-08-31,ACN,0.1079593580147275,0.5187165372606578,0.0753228682552765,0.03523082030298715,-0.04496042285582985,-0.00822648236960355,24516302000,1665128000,2268189000,0.5187165372606578,0.08019124315881701,0.7635527529918976,0.1545955013933178,1.1090067464198377,27.375409792838745,11.821726666499822,48.10790331418349,8.247977541040795,34.97342209828566,5.996104176815253,2.63,28.799199244951975,5.716002480397651,182334245430.12,0.9326241134751774,0.9322833587615301,0.9545048602919411,1.0335426082095858,0.23671669404875906,0.013193957762106242,1618284.25,419626.2333333334,-206869.82907095738,5.670714285714289,0.012951755938433559,2035416.7666666666,-0.044881758348752965,-0.0007480293058125494,0.00033886125615321055,-0.6235119367539075,0.42819835368038056,0.3841127226695483,-0.8613018339128377,-0.053391526925475136,122125006.0,0.0009968476222819156,-16.27000000000004,0.09709889851118336,0.5864900850259005,325.28130641381495,261.5663602528517,49.3365320843064
2022-11-30,ACN,0.12477614336273722,0.4977064369143124,0.08552701936933775,0.041704716556285375,0.031190233657203636,0.008644881480217803,23449824000,1964950000,2593100000,0.4977064369143124,0.010514482899081738,0.8007690851078773,0.021125872842371867,1.0206842675159984,24.126212658548564,12.041503077931765,382.7774965858966,8.25377222942578,36.45969280896136,0.786174742987981,3.12,26.948782470191393,0.6293358985649067,189627206253.66,1.1863117870722435,1.180059430866576,1.0210161585554034,1.0392676103994565,-0.869291920287274,0.02790374558310437,1914294.8,586414.1833333331,-125943.29210166144,6.7114285714285655,0.013312667738949383,2180746.816666667,0.07463816869456386,0.001243969478242731,0.0005052935492708164,-0.046467397692624195,1.6751493929242645,0.46508736737165746,-0.6167163753616642,0.06163127072602846,130844809.0,-6.509679690824832e-05,17.470000000000027,0.07425613513455254,-0.041469602610447964,301.6298808824725,247.1667857841941,68.03287100533115
2021-03-05,ADBE,0.3229193341869398,0.45783470082049227,0.09309021113243762,0.05047028216930158,-0.02045227136281769,0.010531370038412313,11439000000,1261000000,1454000000,0.45783470082049227,0.07092255353211928,0.3892445582586428,0.15490864586065214,0.8444559279492101,41.86311855670103,54.07364148527529,119.16341422121896,15.588186180422264,28.27974947807933,3.69937369519833,2.63,42.84133611691023,3.5762004175365343,211157570000.0,0.5607675906183368,0.5604444444444444,1.1404789719626167,1.0212605548854041,-0.0056116722783389195,0.016716889542113842,2556511.75,1959587.2666666666,105737.41288168868,13.761178571428571,0.015997061473627373,2655383.7333333334,-0.1017552856363293,-0.001695921427272155,0.00028543188960630745,-0.6033801457131837,-0.21019418275991528,-0.3646960273932532,-0.994564313149902,-0.10445911630269175,159323024.0,-0.00018050985456707913,-51.420000000000016,0.004156801771558527,-3.8284434696443554,511.99330362997046,447.44269637002947,43.6837113564393
2021-06-04,ADBE,0.2910039113428944,0.4585255257603002,0.08056598325151602,0.0436244234227191,-0.03408646704714252,-0.0013071197124671086,11730000000,1116000000,1406000000,0.4585255257603002,0.07771089046986163,0.38513689700130377,0.16947996589940323,0.8468091250360958,54.021281362007166,62.88161668839635,121.3033199195171,17.409110597747617,28.97907949790795,4.158995815899582,2.34,45.05857740585774,3.9602510460251046,241151000000.0,0.8897338403041825,0.8850118953211736,0.9820742637644047,1.0225896943747232,0.12189616252821667,0.015509174102071692,1929960.15,-627155.0166666666,-209693.07640537852,8.805057142857148,0.013615578584191481,2271456.0166666666,0.1504559325737378,0.0025075988762289633,0.0002270204144826266,-0.17922556993374775,-0.3671994349737442,0.15006596403690697,-0.8362122815982854,0.15443582526715638,136287361.0,0.0007246925189468012,67.49000000000001,-0.02281277811505178,5.189433509960736,534.7564481343168,441.17555186568325,48.33096993317333
2021-09-03,ADBE,0.308005082592122,0.44866891064871484,0.08408491744137644,0.04635862913096695,-0.00776468788249694,-0.002902776374229865,11730000000,1212000000,1441000000,0.44866891064871484,0.054123317013463894,0.3926302414231258,0.1206308610400682,0.8137921465242126,65.58651608910891,80.80392121982212,224.7091378091873,22.059347162480922,30.21802935010482,2.9664570230607965,2.54,47.693920335429766,2.7672955974842766,317963430000.0,1.0854700854700856,1.086021505376344,1.0260756192959584,1.0405717585908172,-0.2882293762575453,0.008800577838134671,1344876.2,-93553.1499999999,-233192.82905404503,10.187442857142855,0.008260583733937657,1735174.15,0.22186837574821594,0.0036978062624702657,8.631666936677347e-05,-0.2564350130396033,0.02899158524276449,0.37665420162944085,-1.2280233329517214,0.24475276366895737,104110449.0,0.0033703217107874384,131.07000000000005,0.04720210502004374,35.93030868841777,679.301712565771,547.7209541008957,55.487591623438945
2021-12-03,ADBE,0.3,0.4568114239565361,0.08332770156112726,0.04526265555596344,-0.029918138100657098,-0.0046791381852919756,12444000000,1233000000,1501000000,0.4568114239565361,0.07518079365662053,0.4569343065693431,0.164577306332369,0.840981279989187,59.50289537712895,71.40347445255475,143.29505859375,19.83295803203352,31.08613445378151,4.302521008403361,2.59,50.220588235294116,4.132352941176471,293468280000.0,1.0196850393700787,1.0173267326732673,1.0444726810673444,1.0265713889274317,0.4473498233215547,0.026066533756565133,2356585.7,4311550.316666666,232976.27808691608,22.231528571428573,0.02150086270985884,2410290.683333333,-0.0580125745733151,-0.000966876242888585,0.00042092149001119014,-0.35033012564666943,2.965998509569219,-1.0805168765718542,-0.7834645701106886,-0.06823540079796878,144617441.0,0.0012931027554330399,-45.14999999999998,0.10422023728966479,16.939068124529285,705.2817132948585,564.8599533718082,58.397914778782635
2022-03-04,ADBE,0.2970436414828719,0.46970280258700337,0.09190562613430127,0.04873729596550662,-0.01936402833384663,0.003226270521704322,12201000000,1266000000,1580000000,0.46970280258700337,0.06810132429935326,0.39535429375879866,0.14498811572821899,0.8857350272232305,42.23094194312796,50.17773111215392,120.89174109666479,15.525044646098005,29.122621564482028,3.7399577167019027,2.67,52.77167019027484,3.528541226215645,213857490000.0,1.0308880308880308,1.02676399026764,1.0369829683698297,0.9309319456646618,-0.13623046875,0.028450918941849073,3721480.2,-1079201.2833333332,223347.72417338565,17.43222142857142,0.018645091032264,3831378.283333333,-0.33672741860327526,-0.005612123643387921,0.0008385159501690855,-0.3766235166153955,2.3433032783452274,-0.4153406366355489,-0.7155091103764646,-0.30437257677395535,229882697.0,-0.004339648709651978,-197.83000000000004,-0.07070440196183281,-39.56560023852825,633.1104485352134,416.94855146478653,39.287990669056086
2022-06-03,ADBE,0.26858185134518925,0.4687761148674314,0.08423310690025027,0.044746638304337914,-0.03274329560130669,-0.0027596231599926746,12341000000,1178000000,1529000000,0.4687761148674314,0.07748993390564461,0.36206110351117193,0.16530264970423791,0.882445477297104,43.04896434634975,46.24868217054264,99.43466666666666,14.504592062924562,29.62923728813559,4.322033898305085,2.5,55.13135593220339,4.055084745762712,202846720000.0,0.9363295880149813,0.9304897314375987,1.029094321914594,1.01524500907441,0.15319389485585067,0.02937456161434753,3481736.65,-1194463.683333333,-47411.4523724094,14.510385714285718,0.016013447386259223,3549999.683333333,-0.02143537863361078,-0.00035725631056017965,0.0008909198628827894,-0.036532924662847126,0.19928969443497213,-0.34587384018977735,-0.5180944993234676,-0.04682059130126203,212999981.0,-0.0028609444473739476,-21.110000000000014,-0.04237580481810388,-24.64491939415484,469.7647711755542,375.87222882444587,38.63985297089298
2022-09-02,ADBE,0.25625986916309496,0.46257104397247983,0.07903708342030195,0.0424768172300329,-0.02123840861501645,-0.0002761385533549543,12371000000,1136000000,1484000000,0.46257104397247983,0.06371522584504935,0.3886758402887435,0.13774149219949883,0.8607110554511932,37.99684419014084,38.94826528310399,101.32491784037558,12.012638975857511,30.646055437100213,3.633262260127932,2.42,57.90618336886994,3.366737739872068,172657660000.0,0.968,0.9643463497453311,1.0107159142726858,1.0277440114408294,-0.16470588235294115,0.01915121482288624,2257255.7,-231905.75,-247734.2537079393,10.343971428571425,0.018639580985922714,2682425.75,-0.13554102246291622,-0.0022590170410486036,0.000564824684025564,-0.6769260776129992,0.7952817039257721,-0.664690088104637,-0.7307060992421831,-0.14154463203059414,160945545.0,0.0006465077930637442,-60.69999999999999,0.09466646706230053,-6.290791734867355,448.1399576541095,343.5198756792239,48.3191514658191
2022-12-02,ADBE,0.25988950276243095,0.4827535431621572,0.08369511066827984,0.04329099944781888,-0.04229707344008835,-0.002357706453233077,13114000000,1176000000,1505000000,0.4827535431621572,0.08558807288790723,0.456353591160221,0.17729144425804483,0.9333143548501885,33.78324905083333,35.119647190081764,68.35114130542796,11.309971072174221,30.19724788158494,4.996697838209735,2.53,60.860854228069456,4.801128159380881,158916403535.12,1.0454545454545454,1.0352112676056338,1.0207534401082787,0.9775968830445975,0.36443661971830976,0.03182905860219197,3302631.9,-1781385.25,-202981.70421314426,10.153335714285706,0.0133072038058497,4523378.25,-0.07874435754760356,-0.001312405959126726,0.0012173356204657542,0.13751226477951314,8.96790277656919,-1.4464112684766368,-0.4705996299705842,-0.10974115684383397,271402695.0,-0.0015709534845326223,-42.10000000000002,0.1128448560389852,-10.588925669802109,369.45105259825067,255.86328073508267,63.54261981407866
2021-01-31,ADSK,0.8769245573518091,0.8673727300200555,0.9438632832729156,0.1251820104947938,0.0348498585125965,0.0007007942982018012,6314300000,911300000,184400000,0.8673727300200555,0.09033215198219731,0.6188414174364896,0.1041445607589123,6.539927498705334,17.256804564907274,60.53166281755196,95.657700729927,65.15225686172967,4.394629039599454,2.9931725079654075,4.15,-6.770596267637687,2.886208466090123,60951371000.0,6.916666666666668,6.8933434190620275,1.0911381772364552,13.932178932178932,0.8211021877596234,0.023878393124941933,1638743.45,130747.3666666667,84671.236948414,7.995535714285714,0.020885883969643526,1480433.6333333333,0.15458675605359873,0.0025764459342266454,0.0004238127706242026,-0.3577567512299452,1.7874504873776977,-0.5252552965953294,-0.608670628744944,0.15240508432333635,88826018.0,0.0034125142619396698,36.69,0.0642094017094017,8.41287013706284,328.59571212356263,238.7039545431039,50.655190749511114
2021-04-30,ADSK,0.15728292732234914,0.845388652151871,0.13789436370081531,0.02132003343244317,-0.02473178685447296,-0.006621251548614038,6169900000,155600000,133800000,0.845388652151871,0.04605182028691613,0.32962700899625996,0.054474140585746934,5.467830556540234,103.18155526992288,64.91478823410493,191.07468015471585,56.912619638426094,5.129090909090909,1.5277272727272728,0.71,-6.405909090909091,1.4313636363636364,64220200000.00001,0.17108433734939757,0.1707450894326786,0.9519822940723633,1.168720870015536,-0.4888990267639902,0.014651745458247628,992102.45,-554139.1833333333,-126827.22272261255,6.281071428571432,0.019642520424298978,1286315.1833333333,0.009995239183150373,0.00016658731971917287,0.00044599779432306387,-0.23998787923729223,-0.1377167385161222,-0.27228669245695003,-0.7074495508502778,-0.0032098343862045336,77178911.0,7.19441841434687e-05,-0.9399999999999977,0.07315636642559742,2.322497399165627,315.20493035991285,255.29073630675376,55.571231022491695
2021-07-31,ADSK,0.1090874775879966,0.8210656820203218,0.08706130441331526,0.015578255127617712,-0.011643263347977252,-0.005658412332901985,6092800000,115600000,148100000,0.8210656820203218,0.027221518475594966,0.3376427290742663,0.03315388655462185,4.588642867901792,152.78676470588235,66.6684910823818,349.7455445544554,53.20726012953758,6.035454545454545,0.9181818181818182,0.52,-6.088636363636364,0.8154545454545454,70648600000.0,0.7323943661971831,0.7429305912596401,1.0711614272718084,1.1767103863878057,-0.3989883963106219,0.014225773943630598,1043087.65,190671.6166666667,-39021.660854259506,6.943192857142853,0.018643721821541902,1120854.3833333333,0.14014841424586366,0.002335806904097728,0.00023059783559116332,-0.03096452836560449,-0.2613207729314118,-0.0799225817780621,-0.8410134966446636,0.14248612494663446,67251263.0,0.0010351159638035679,40.05000000000001,0.06690360959870945,6.3352747537776395,313.2780003260833,263.4426663405833,61.5501648257625
2021-10-31,ADSK,0.12142476461183159,0.8499706951119447,0.1068052191577467,0.016023912788653148,-0.015672254131989215,0.004329761589812353,7251100000,136700000,193300000,0.8499706951119447,0.031696166920642366,0.5154556759637591,0.03729089379542414,5.665364481600125,126.74140453547915,61.55818084917392,256.29511834319527,54.14657395108993,5.817727272727272,1.229090909090909,0.62,-6.541363636363636,1.1595454545454544,69874200000.0,1.1923076923076923,1.1825259515570934,1.0623761441917523,0.9639252899533062,0.3386138613861387,0.016088752542469133,965751.9,-281595.1333333333,-92726.21883810591,5.280435714285724,0.012827029120637443,1342864.1333333333,-0.02318186739690642,-0.000386364456615107,0.00037843589623470276,0.0441673487195383,8.514093041920061,-2.166048363347066,-0.7964322528281848,-0.03409160026762356,80571848.0,-0.0008834323522592946,-11.20999999999998,0.010410873192435943,0.24774120937172484,342.6429366988755,261.0667299677913,43.145730233083526
2022-01-31,ADSK,0.07353912182238362,0.901345447785472,0.10493463667412554,0.010352279592880048,-0.07362782915833992,0.0017021753534158801,7757700000,89100000,142400000,0.901345447785472,0.08398010875121996,0.5910366457576758,0.09317194529306366,9.136379696148863,153.63066217732884,45.1914559260482,75.75258439402324,64.48471087033329,3.8736313868613137,3.2974452554744524,0.41,-8.895985401459853,3.2636861313868613,54753968000.0,0.6612903225806451,0.6517922457937089,1.0762124711316396,0.6634112040003125,1.673076923076923,0.028687550650485408,1777544.8,-360311.0,112849.37510316935,11.089021428571431,0.01895571144694195,1758733.0,-0.18139727179899168,-0.003023287863316528,0.0009341769798191158,-0.3667417890766769,9.264667073323613,-2.03946201799939,-0.5931840848450991,-0.18996659856665699,105523980.0,-0.0025266901963466593,-58.58000000000001,-0.0426353549611721,-13.356617350435783,335.1935021866025,220.15549781339746,48.317832940193604
2022-04-30,ADSK,0.12478632478632479,0.917564459508534,0.2143906020558003,0.017673405156760684,-0.03486260743251422,-0.006569825024760667,7580000000,146000000,214000000,0.917564459508534,0.05253601258927491,0.3282051282051282,0.05725593667546174,11.130690161527166,70.33178082191782,35.105777777777774,94.64,60.31389133627019,3.1382488479262673,2.0,0.67,-9.87557603686636,1.9262672811059909,41073760000.0,1.6341463414634148,1.638608305274972,0.9656652360515021,0.8020256742433165,-0.399557277255119,0.03174038002535126,1495404.8,-413737.93333333335,-51198.300695126876,8.367250000000002,0.01936832406617765,1839585.9333333333,-0.2430289489753673,-0.004050482482922789,0.0009070051388689176,-0.3384021780787625,0.015101322095657012,0.6274994814505817,-0.6361110916286841,-0.23677419354838708,110375156.0,-0.003583986575945941,-58.72,-0.008498199488047198,-16.97547078966477,242.3974542288323,179.45621243783435,38.28021592182051
2022-07-31,ADSK,0.15036378334680678,0.9100522669259754,0.25135135135135134,0.022608484259146713,-0.008630120335480735,0.003799514955537542,7487000000,186000000,242000000,0.9100522669259754,0.031238604594627448,0.35084882780921584,0.034326165353279016,10.117567567567567,63.62416666666667,38.26708164915117,184.18824902723733,63.96808108108108,3.410138248847926,1.1843317972350231,0.86,-10.046082949308756,1.1290322580645162,46941440000.0,1.2835820895522387,1.273972602739726,1.0572649572649573,1.0866372980910426,-0.40783410138248843,0.02536784524103294,1423658.3,-43123.81666666665,-96849.42833307222,6.609921428571432,0.01869350713304548,1823313.8166666667,0.15083103512798146,0.002513850585466358,0.001294647335151849,0.2692549459563829,0.21131176665816678,0.4107624421373085,-0.34999167171398754,0.11955284132077422,109398829.0,-0.001592825549494914,23.099999999999994,-0.11591929333397688,-5.273257348030313,215.44268403572306,160.96764929761025,52.71133956402051
2022-10-31,ADSK,0.1546875,0.8950781702374059,0.2185430463576159,0.022929936305732482,-0.03138390272148234,0.002450485044462436,7729000000,198000000,256000000,0.8950781702374059,0.05431383902721482,0.5015625,0.06068055375857161,8.530905077262693,58.44545454545455,36.163125,98.69680170575694,51.091390728476824,4.194444444444445,2.1712962962962963,0.92,-9.722222222222221,2.125,46288800000.0,1.0697674418604652,1.064516129032258,1.0347615198059823,1.2243243243243243,0.8249027237354085,0.025426881810069257,1339802.8,-390464.0166666666,-96707.72088254639,7.282500000000005,0.013495770101892351,1355506.0166666666,-0.018621375663103956,-0.0003103562610517326,0.0005184555446055892,0.026962856171300984,-0.1068884641640973,-0.039938512703050384,-0.6771009249356224,-0.03337843933243111,81330361.0,-0.0004057350348902755,-7.399999999999977,-0.06117856093054508,0.4258541350077394,232.32105160633637,178.8846150603303,58.192300142021885
2021-03-31,AJG,0.1768244712851127,0.722316656085523,0.05676635319635721,0.01565053554240308,0.003923897683753507,0.05413772125826177,17635000000,382100000,467400000,0.722316656085523,0.011726637858649573,5.359803785459762,0.016234760419620072,2.6199283920904457,15.88605208060717,11.236171039844509,84.80699266503667,3.6071729732138875,34.589414182939365,1.4712230215827338,1.96,13.663412127440905,1.3314491264131552,24280242000.0,2.6486486486486487,2.6870604781997187,1.26073512252042,1.0880831528240276,-0.21540147985749525,0.01420667264810883,1004862.65,72749.69999999995,28142.813904795097,2.240714285714282,0.00996311933984107,901850.3,0.04220498376572457,0.0007034163960954095,0.0001758403867323492,-0.2668215532472359,1.2422363712907114,-0.5879086505977145,-1.0862016326955204,0.037674650698602805,54111018.0,0.0010522685186873382,4.530000000000001,0.042167082105899034,2.089604472590679,128.33521124546064,113.05778875453935,49.54511520645744
2021-06-30,AJG,0.0984013658233742,0.69968221100614,0.022880652495579055,0.006837496225356974,-0.007613994219403822,-0.03335367496486147,19463200000,190200000,291700000,0.69968221100614,0.014451490444760795,4.608722645248073,0.02065436310575856,2.341381259999759,37.06375394321767,14.588496042216361,70.14453731343283,3.3921714966256453,41.295081967213115,1.9970193740685545,0.94,13.65673124689518,1.8380526577247889,28198104000.000004,0.47959183673469385,0.49777545145249935,0.8944884076079411,1.2349690243793734,0.40412155082081735,0.009045936730218784,1246931.45,-250050.19999999995,60060.228483713465,2.0135714285714283,0.010397682284260332,1165350.2,0.07815734567157417,0.0013026224278595696,0.00011888486346512795,-0.8026404897091337,0.656352944855052,-0.22260894204751577,-1.2660554352130122,0.07745558033997402,69921012.0,0.0015638476375234855,10.070000000000022,-0.045889795226621066,3.6444356311453134,152.01106211765847,131.92527121567485,44.33062161070689
2021-09-30,AJG,0.1054876048549604,0.685311229835264,0.026733331749839672,0.008363117574064305,-0.008463430401474226,-0.012832600381343207,18445700000,225100000,337800000,0.685311229835264,0.016826547975538533,5.47748254369933,0.02455314788812569,2.1906486781786656,34.17431141714793,14.419865035849853,67.94115698829764,3.654372817747797,40.67729468599034,2.18792270531401,1.09,13.883091787439614,1.9753623188405798,30770550000.0,1.1595744680851066,1.183491062039958,1.1039888250814838,1.0129320196807294,0.12661691542288556,0.013553814244562498,1136692.1,-22248.550000000047,-6662.479405369377,2.9271428571428584,0.009281099180768469,1046391.55,0.050804141160163296,0.0008467356860027216,0.00013206814400422762,-0.2572182462561236,0.45928735575166474,0.0867171583992272,-1.2408741533958572,0.0480118443316413,62783493.0,0.0008890624691098026,6.810000000000002,0.03379550760300343,2.941945464433786,151.64782791047998,134.81317208952004,53.47549447231868
2021-12-31,AJG,0.055736702669655594,0.743286849602639,0.012857881622866814,0.0032808517019043337,-0.01360023991602939,0.006220495250747249,24784900000,109400000,221200000,0.743286849602639,0.016881091617933722,8.384297941715916,0.0227114089627152,2.9129918668609847,80.56882310329067,17.962562151008765,62.63442350328654,4.143777559823233,40.945730689085984,2.708893776137288,0.53,13.870748855854512,2.5866590951746176,35256916990.0,0.4862385321100917,0.48600621945801864,0.9198181732977178,1.0104748105745707,0.2428792227864871,0.009687585916479422,867984.2,-555090.4,-66916.13235749793,3.056428571428575,0.010136521485240618,891290.4,0.10815161210878288,0.0018025268684797146,0.00011970264612459244,-0.41586168924227035,0.4177664788707238,-0.23659339988672495,-1.2160318458786854,0.11018779035529656,53477424.0,0.001527407583476137,16.839999999999975,0.028018486424032485,4.86809257150324,171.4433251321929,156.9526748678071,58.644376394971204
2022-03-31,AJG,0.18024569620773245,0.7904822584942599,0.04880192226399982,0.010164150921538872,9.499206468727918e-05,0.10069032641002429,34118400000,438700000,621100000,0.7904822584942599,0.010069158856851593,10.79851267513045,0.01273799474770212,3.7954034752041292,20.79519033508092,14.992974238875878,83.96548550391164,4.059381048790798,43.011483253588516,2.0794258373205743,2.1,15.373205741626794,1.8990430622009569,36491400000.0,3.9622641509433962,4.010054844606947,1.2400142653352353,1.0565323680127874,-0.22792680760348194,0.017923484511958274,972744.3,158423.8833333333,-26208.561672674725,3.2285714285714255,0.010828752994357848,1020024.1166666667,0.05012406724127039,0.0008354011206878398,0.0002774925539843966,0.0011016969501053786,-0.5522410653647406,0.04762735109246337,-0.8567343207250339,0.04282386669055717,61201447.0,8.26078157525334e-05,7.1699999999999875,0.01866117725288796,2.0135161257865377,171.12894205945926,147.21839127387406,58.25788631879279
2022-06-30,AJG,0.13930006862072347,0.7784018164359446,0.032263557619171955,0.007106705609346243,-0.0012377970712971113,-0.03727998533152643,31128600000,284200000,380300000,0.7784018164359446,0.008344502680643354,11.510342123321243,0.010720045231716172,3.5338472192264465,30.14691062631949,16.79786687579649,102.70005394066526,3.8905863521291444,41.90627973358706,1.587535680304472,1.35,16.12131303520457,1.3334919124643196,34271008000.0,0.6428571428571429,0.6478231137451561,0.8382431488557459,0.9798985471777871,-0.2321675103543488,0.018109285035763333,904613.1,-85714.26666666672,-10078.81740492559,3.6421428571428556,0.008899517991569426,962531.2666666667,-0.052955241199360015,-0.0008825873533226669,0.00039083385185436476,-0.2249195954345642,0.43346965738397375,-0.43279829500650824,-0.808798722542803,-0.06255749770009197,57751876.0,-0.001114231089766382,-10.879999999999995,-0.007645434934903661,-1.6421135983476063,185.72486623703162,145.58113376296836,44.809868698944825
2022-09-30,AJG,0.12506722730161834,0.7768401615814708,0.02983507896148732,0.006615323343970953,-0.023298455045283155,-0.007388179257319938,30038700000,255800000,364500000,0.7768401615814708,0.029913778389254107,10.979073974478071,0.03850699264615313,3.503545685693625,35.258066849100864,17.638514643328605,31.188773234200745,4.20770883388929,40.691979117228286,5.489795918367347,1.21,16.78310393925012,5.256288561936403,36076054000.0,0.8962962962962963,0.900070372976777,1.0024997549259878,0.9733331819678273,2.466287084207372,0.01316665009899051,1102895.0,946230.15,64599.74817193032,3.642857142857139,0.008450542514309572,889087.85,0.02891437546431741,0.0004819062577386235,0.00019486654440093273,-0.5974665620843179,0.21297049973608423,-0.03878656023653472,-1.0476814082019101,0.02343096234309616,53345271.0,0.0013038588606018031,3.9199999999999875,-0.014476925013034214,2.460717147261448,195.7864509318198,160.68721573484692,46.71075779731911
2022-12-31,AJG,0.06713903478347041,0.7637954343345036,0.014819108447438646,0.0034825921794601595,-0.0016680459959185561,-0.00509499379244438,29717600000,135500000,288000000,0.7637954343345036,0.005150638175378716,2.290109999009018,0.006743478612000969,3.2500984295026027,73.54138365313653,19.749990060449907,198.899350998004,4.359270958922087,43.250351211620966,0.9479166173945537,0.64,16.849643585243907,0.7473594089238498,39859429940.0,0.5289256198347108,0.5297107114933541,0.9867501100083117,1.066458279875901,-0.8267485086885105,0.011150030768068583,686530.6,-509048.5833333334,-91452.37186818954,3.240714285714282,0.008450542514309572,862248.5833333334,0.04515787561387841,0.0007526312602313068,0.00028958054680115183,-0.7019980259379779,2.4804888095936017,0.1938961133792287,-0.8435262698254457,0.03730193661971832,51734915.0,0.0011965099369919407,6.780000000000001,-0.0009226051250065259,3.420573294050797,203.36895849031802,171.45337484301533,53.834634166890055
2021-03-31,ALGN,0.2239410977780907,0.3306268395761396,0.05904567924808521,0.039523592927664344,-0.005288393070944667,0.025213774870569194,1676206000,200376000,225446000,0.3306268395761396,0.044811985998609014,0.9718687798330523,0.1355364436113461,0.49393501132728423,53.37574110671937,47.81208823263159,188.30685734659113,12.606427556064752,42.9566582278481,2.875784810126582,2.54,30.584506329113925,2.3260253164556963,42780870000.0,1.2574257425742574,1.2603215337006566,1.0721983894933615,1.0493870337815585,-0.40436214337026566,0.034169575818570254,710237.9,-32041.68333333335,14464.760997113073,18.26034999999998,0.021283185335203837,638063.6833333333,0.05865594530556195,0.0009775990884260326,0.0010466571769128029,-0.09167587374326663,2.870989879827126,0.7706346453026279,-0.4367377310069754,0.02862515670706214,38283821.0,0.0003513761750866262,15.069999999999936,-0.08395949066389286,3.676325914414406,616.1704892007835,490.28584413254976,54.617983877383104
2021-06-30,ALGN,0.19757857080672095,0.3727425916974821,0.05900998992438859,0.037014453343929686,-0.02183088045595941,-0.006300318174965125,2011158000,199714000,268902000,0.3727425916974821,0.05884533379988909,0.9762783832340068,0.15787123637227907,0.5942418324021026,60.42877314559821,47.75772253484341,152.04182624470872,14.263605177859656,42.83629505872823,4.018631024706359,2.53,31.122860976103684,2.4461700081004456,48273888000.0,0.9960629921259841,0.9966962111230886,1.1296834609078747,0.9972990143730389,0.39754475388116406,0.01674822782980806,603256.9,-74858.84999999998,16145.803836308303,15.407671428571414,0.017537550734223733,583661.85,0.1105732790234989,0.0018428879837249815,0.00041335529901424394,-0.11229026635833832,2.0009701111982046,-0.5608581134147704,-0.6524024251540069,0.10320670229669213,35019711.0,0.001094142592907188,57.15999999999997,0.06809838693517678,14.102741908696203,632.315016308489,555.6473170248441,41.137868156127624
2021-09-30,ALGN,0.17813557553553183,0.3775762556085201,0.05145898414507436,0.03202929359415898,-0.03080206063281257,-0.007094828446394641,2133347000,180969000,261160000,0.3775762556085201,0.06283135422697154,1.045522912552933,0.16640705895477856,0.6066225124134076,72.53326359763274,51.68301862573899,147.89999188741535,14.929952245844328,44.57013586129981,4.499188887762344,2.29,32.022521038223665,2.9234259353137992,52505088719.99999,0.9051383399209487,0.9061407813172837,1.0050434899605067,1.039106373045819,0.11810874823624262,0.015440567592999999,496129.05,-88147.43333333335,-30273.857539592835,19.433057142857137,0.016536637926624517,528847.4333333333,0.09413887004150823,0.0015689811673584705,0.0003706346858339913,-0.5661221128180544,5.971428820956264,1.4210008847588504,-0.7032038531411879,0.0869132011368461,31730846.0,0.0024672678256629776,53.20999999999992,0.025249659738588726,25.992730703482607,757.9659083602327,608.757091639767,41.792512834405244
2021-12-31,ALGN,0.18520142100807002,0.3903320537654133,0.05271213791649023,0.03213690086518089,-0.013780963327841457,-0.021226333716680035,2319396000,190961000,220892000,0.3903320537654133,0.045917864193022344,1.093423618876558,0.11763795401906359,0.6402371260883415,67.76100829488743,50.197740100611085,189.69774351381164,14.287310458402182,45.99746060767658,3.464353280260034,2.42,33.25809113879049,2.079165555682525,51758839619.99999,1.056768558951965,1.0552138764097718,1.014955123800824,1.0301277140733436,-0.23141992766278685,0.02698703246871261,507652.2,-154853.90000000002,-39395.01028012496,22.05355000000003,0.02192782000764217,619104.9,0.026305368648819383,0.0004384228108136564,0.0005551870423662707,-0.07950820020573526,0.5732952542109204,0.263085321518497,-0.6225404176507643,0.01003611772842538,37146294.0,-0.0007129883189924691,6.529999999999973,-0.08674275454042535,-3.8191969506896157,713.0934337588124,571.7725662411879,50.09026789609369
2022-03-31,ALGN,0.13799360678326256,0.3830394450058502,0.03662487605171957,0.02259610385546085,0.017464709676963442,0.0067595350467026805,2276562000,134298000,198082000,0.3830394450058502,0.005131394178497409,1.2603134546284032,0.01339651632593358,0.6208491643513292,63.909201924079284,35.276245120574096,1125.697160469539,9.362666396134886,46.56793071042138,0.3873155368164385,1.71,34.03863249599959,-0.7217241116557872,34331512000.0,0.7066115702479339,0.7032744906027932,0.9438657199745126,1.0121836832827542,-0.8882238894040293,0.044006489037983806,894800.15,-243392.08333333337,15958.282052479219,19.088571428571438,0.01681318023471606,939719.0833333334,-0.3178099733215176,-0.00529683288869196,0.001317982874655438,-0.19599461440406155,-0.40893429967983813,0.33294002938042705,-0.5620258817285158,-0.30072173215717724,56383145.0,-0.004965853519071417,-187.5,-0.09812562373232803,-45.60967655821304,572.9078895844681,390.61077708219864,42.309197271767246
2022-06-30,ALGN,0.11634227319187296,0.3805495205864114,0.03134133407944972,0.019414404420976576,-0.0024517570122057743,-0.019715248312106803,2211038000,112800000,188196000,0.3805495205864114,0.02186616143318235,1.2808995485548496,0.057459437603514726,0.6143340480528223,41.12088796542553,19.136390326263754,146.04073084340195,5.155133949472101,45.90957331462466,1.6205752917915683,1.44,33.19039479558646,0.650870591236686,18553744650.0,0.8421052631578947,0.8399231559665817,0.9962331191643402,0.9815179341844176,3.165682995606269,0.036652495588090556,1194432.2,-307182.6000000001,91809.48072625906,10.828571428571427,0.022325942792403224,1143043.6,-0.5809683933423254,-0.009682806555705423,0.0015825433970488125,-0.2741386391928021,2.149818742896875,-0.554485147781241,-0.623153249269552,-0.46862300455780326,68582616.0,-0.00879536591504626,-208.72,-0.03126290980897606,-58.03721923402452,431.0379002384499,174.18293309488345,37.961418635576756
2022-09-30,ALGN,0.08165346583583048,0.3751487027639349,0.01967724979713757,0.012295355061779508,-0.03277329428585635,-0.013726918257463083,2218180000,72700000,143656000,0.3751487027639349,0.04506864934763586,1.3259219990385782,0.1201354263405134,0.6003807696700773,55.61843614167813,18.16575230134734,60.693935162600106,4.37767144514378,47.31053999718284,3.4123673056483934,0.93,34.249689472808065,2.447517703251252,16173841230.000002,0.6458333333333334,0.6445035460992907,0.9183077149985612,1.0265459432560702,1.0975402416466604,0.029098537815555988,940322.0,105321.76666666672,14416.488849688205,10.821785714285715,0.017801562160548255,851230.2333333333,-0.19369951204196,-0.0032283252006993337,0.001072691366839533,-0.4507782326647776,-0.00739264290304154,-0.19858556447014958,-0.5598228266559564,-0.20231859497766128,51073814.0,-0.002482962545306555,-52.52999999999997,-0.13288763034254847,-22.930005786014476,303.7444297016387,211.73357029836126,35.48558270049806
2022-12-31,ALGN,0.046338663250195505,0.39452083214594885,0.011599790967740503,0.007023431782428458,-0.01730546691152426,-0.010242530848690645,2346589000,41775000,124114000,0.39452083214594885,0.02432889869395272,1.3293589124972962,0.061666955738733965,0.6515844856301428,97.8659299820467,18.13990549242109,113.0104065456405,4.540897322621078,46.44456481087425,1.8661998168710747,0.54,33.10104331901832,1.1800595813827524,16353396900.0,0.5806451612903226,0.5746217331499313,1.0125422868361584,0.9747568222134768,-0.45697270359724107,0.022769500831534083,974627.05,-384282.0166666666,-11602.187911025365,8.86335714285714,0.017801562160548255,1065999.0166666666,-0.027828114550716987,-0.00046380190917861647,0.0017712575005038424,-0.11195785153371271,6.27523276043168,-0.6632615657004558,-0.36997245929522,-0.07827455093745901,63959941.0,-0.0023981984807631695,-17.909999999999997,0.09723915989159893,-11.600679203453325,221.7228842046627,176.14944912867065,57.55101402614192
2021-03-31,ALNY,-1.1279805818681505,0.7154797345472832,-0.21625260475712327,-0.06152824851033816,0.010865154308292187,-0.03416594527285299,2329079000,-200291000,-186254000,0.7154797345472832,-0.07239340281863035,1.0394219614115314,-0.10118162587014008,2.5146881309450544,-20.633135288155735,93.09510379239269,-70.1456556055334,17.84787700147918,7.910744789887256,-2.012811752647762,-1.71,-40.87512811752648,-2.159531943969935,16530525200.0,0.8181818181818182,0.8224152090005749,1.0856189090375514,0.9113827642295623,0.9136945364776197,0.030524344441392858,554758.55,-183549.81666666665,-43466.83363918809,5.438121428571429,-0.0027196002050763482,723228.8166666667,0.13305751477519923,0.0022176252462533202,0.0012159971880160167,-0.18563421350018394,0.12005549623984905,0.20203086397572156,-0.36962784572623264,0.1021857923497268,43393729.0,-0.0004407346422106162,13.090000000000003,-0.1154506004642244,-1.1805692169817803,175.46480286993503,126.25286379673165,49.7404304044861
2021-06-30,ALNY,-0.8594714195680857,0.756837365850684,-0.22213199087843144,-0.054014200030831225,-0.01929174233187222,-0.0007852633502767326,2656067000,-189559000,-146160000,0.756837365850684,-0.03472245769895901,3.314146713034962,-0.04587836074918291,3.112473955953042,-26.33046893051768,90.5211420384216,-163.83854254201682,23.3953579371943,7.245881873450395,-1.0346771728424413,-1.61,-42.244497843290425,-1.1301667628978025,19964709440.0,0.9415204678362574,0.9464179618654858,1.2420902650282148,0.9213681857934117,-0.4829160655181193,0.022912312747024672,823435.05,51336.84999999998,91303.56370619102,5.449964285714289,0.009204070504991498,600677.15,0.18884890416929023,0.0031474817361548373,0.00039017561314989147,0.16741737329140569,0.3933028986812386,-0.2316228618499812,-0.6054561186702749,0.1937187522005494,36040629.0,0.0027888453840756444,27.51000000000002,0.18914932580096222,7.129553024016758,175.682534202498,117.66946579750199,67.08604360391124
2021-09-30,ALNY,-1.0899681825691643,0.7823085073263845,-0.27055945748935367,-0.058898492157821024,-0.020297133351745652,0.0016382147625163546,2716420000,-204514000,-181677000,0.7823085073263845,-0.038601358806075375,1.2735659505524082,-0.0493428851208576,3.593656774173064,-27.443313867608087,119.6493557598077,-167.49356567847445,29.700192446920397,6.357197864540358,-1.1272671832806116,-1.72,-43.56249835160428,-1.3464533521506115,22450167569.28,1.0683229813664596,1.0788936426125904,0.8507388246815958,0.8857823526240916,0.09995404411764697,0.031291862433769,576276.1,160880.51666666672,-1251.5360931359464,6.8239214285714285,0.0034688565730858576,619806.4833333333,0.10730833859546474,0.0017884723099244122,0.0005873797346943282,-0.21310188587599063,2.5638303839537375,-0.36111939375752083,-0.549535664016092,0.09397995248855669,37188389.0,0.0020503142948973263,16.22,-0.06961627540022564,6.5401361574729435,208.67100562450207,168.56499437549792,56.94540881562327
2021-12-31,ALNY,-0.9997099038814861,0.8385523140533977,-0.43940612339617446,-0.07094110181307955,-0.02973098045071177,0.0283967837275938,3055101000,-258460000,-194561000,0.8385523140533977,-0.041210121362367784,1.2426634691627827,-0.04914436543996418,5.193956848230968,-19.646275381103457,78.56230429148857,-135.28020554012562,34.530774817537484,4.910981606873001,-1.2535462917351992,-2.16,-45.40416454459686,-1.4362752874187004,20311105340.0,1.255813953488372,1.263776562973684,1.3778759599857169,0.7781564321934453,0.12015428690799479,0.05306775399821546,1006668.95,-367960.6,127248.75247046177,10.425985714285712,0.008187546028094676,749787.6,-0.1187246715555701,-0.0019787445259261682,0.001643296192811908,-0.13839641072820716,6.910658755179267,-1.9245112617854943,-0.42147839404981124,-0.15665406803262383,44987256.0,-0.000715881263358642,-31.5,-0.019442329998550223,-1.4546358276372757,212.11714197409748,158.14185802590254,52.22089706401605
2022-03-31,ALNY,-1.126991123469584,0.8831627370545603,-0.599106105701879,-0.06999791760410887,-0.02013895259855339,-0.021377369619990927,3032379000,-240341000,-146732000,0.8831627370545603,-0.049858965005555485,1.1021762270291056,-0.05645501436331013,7.558913267824292,-20.41125,92.01319027567418,-114.62291650359535,48.91401800002991,3.338306822389854,-1.4245842365638821,-2.0,-47.25397664152184,-1.5731980810598274,19622640945.0,0.9259259259259258,0.9298963089066007,0.8248747751755081,0.682019642878394,0.14021486469385436,0.018113117794259496,766188.0,-141412.06666666665,-16992.463951591984,4.239857142857141,0.009270946244546044,787479.0666666667,0.003619920043175684,6.033200071959473e-05,0.000521148392325377,-0.29798674405210995,0.8144925612329202,-0.19386602253520577,-0.6591114856885637,-0.011741209223506613,47248744.0,-0.000281392249526613,-1.9399999999999977,0.07031367590836557,-1.7239589310649706,172.27856124452683,131.27510542213986,51.16420176727619
2022-06-30,ALNY,-1.2338958624309442,0.9471417543208553,-1.5757895932742558,-0.08329347345993009,-0.04641550892876178,-0.014455942544415734,3154377000,-277402000,-191686000,0.9471417543208553,-0.03687796453116832,1.0285964646958874,-0.03893605615308506,17.91852419904567,-15.890910663946187,78.43091567401187,-143.56639933560768,100.16292660758918,1.4561275807305452,-1.0159062334568554,-2.29,-49.2649550026469,-1.148706326098465,17632681600.0,1.145,1.1542017383634087,1.0542016984042877,0.43882083725938886,-0.28256996489342434,0.024491089857481434,1008380.05,-56406.40000000002,56091.26543516375,5.784714285714285,0.01687192256215952,894109.4,-0.07148728235352408,-0.001191454705892068,0.001069203000289119,0.15551749327773404,0.16314984932228635,-0.5955637674040489,-0.4984431662596632,-0.09841132472028197,53646564.0,-0.0024607384042846236,-15.920000000000016,0.0833197301120907,-4.743823617082398,169.97003623800708,112.18396376199297,53.6018867481729
2022-09-30,ALNY,-1.5357956308218503,1.0191324246765792,6.001360182146131,-0.11482057164193248,-0.08221075990275101,0.025953601323118636,3602893000,-405920000,-258040000,1.0191324246765792,-0.032609811739181475,1.1350555795176802,-0.03199761969062084,-53.26729057630326,-15.060077453685455,92.51680461283512,-212.1087623607786,-361.5237966823383,-0.5536565001718973,-0.9436668140071706,-3.32,-52.07550382266752,-1.0788107984218196,24452746560.0,1.4497816593886461,1.4632915407963893,1.1756442989440348,-0.38421949556918883,-0.06135044252110833,0.032139037804211644,1139142.9,626899.45,30157.172466149554,7.280357142857142,0.013529866708584208,1057701.55,0.3797282690709525,0.006328804484515875,0.004819955476690516,-0.22465315176785167,42.35567644801476,6.048227620213665,-0.12643940333966985,0.30465389127884246,63462093.0,0.0056122849064519365,46.74000000000001,-0.08115181992337173,14.622091783732202,260.9272715528912,125.90039511377545,59.99957142778879
2022-12-31,ALNY,-0.619317384750847,1.0446156184413367,1.3113959411716376,-0.05850874093683127,-0.02129367049416035,0.0025452646248121935,3704582000,-207493000,-188614000,1.0446156184413367,-0.03721507044267092,1.0951840852448251,-0.0356256117424314,-23.413675635021455,-35.295365265334254,87.43613323981077,-221.9624854142357,-185.14479500451895,-1.2835899599240665,-1.0706764233446369,-1.68,-53.294087582950695,-1.2461911638245744,29294164900.0,0.5060240963855421,0.5111672250689792,1.267602702927667,2.3392619533398387,0.1448076055653864,0.027516079081851007,745129.75,-308265.75,-91316.5898673922,6.560335714285707,0.013529866708584208,826267.75,0.19195082744828285,0.003199180457471381,0.0008355557181392221,-0.03076998917565521,0.08482278351078931,0.5959642292747691,-0.41194911993889016,0.18222067455974528,49576065.0,0.002803073927019062,36.629999999999995,0.09464196566169614,11.944441725867051,247.64817224161817,180.30182775838182,56.90426629503793
2021-01-31,AMAT,0.21890740023246805,0.5077022098262175,0.09849211191493071,0.048487449045269256,-0.012486590860330401,0.0007046439391034109,11832000000,1130000000,1435000000,0.5077022098262175,0.06097403990559966,1.3826036419992251,0.12009803921568628,1.0312908567942125,20.488307522123893,17.940168539325843,65.1704081632653,8.071746709666172,12.53879781420765,1.5530054644808744,1.23,30.750819672131147,1.4207650273224044,88462200000.0,0.9919354838709677,0.9991158267020336,1.101109215017065,1.0846095670259028,0.08060836501901147,0.03435041905398394,8135541.55,525735.9333333336,207639.75018817838,3.9564285714285705,0.026689474406125735,7417689.066666666,0.49417611272304607,0.0082362685453841,0.0007112358581747084,0.02466512922872148,1.0011879474960785,0.26133995882022526,-0.25762884893113847,0.6025194762141557,445061344.0,0.006645293171753774,36.35000000000001,0.053430309376012675,6.5820417667117965,110.30804389030627,63.826289443027065,57.652086349317116
2021-05-02,AMAT,0.23826585453242566,0.502055221091966,0.11089802384724423,0.055221091965953914,0.005937305376790533,0.020221498476241828,12092000000,1330000000,1739000000,0.502055221091966,0.04928378658916338,1.3649229666786098,0.09816407542176646,1.0082548153089301,22.92411654135338,21.84813686850591,102.74330244313394,10.168956891520052,13.064270152505447,1.2930283224400871,1.45,31.859477124183005,1.0708061002178648,121827780000.0,1.1788617886178863,1.176991150442478,1.0813638124757845,1.0453238037130654,-0.16467276565798739,0.01873203831601968,9827187.35,-1299495.6833333336,221863.77326417156,3.824999999999999,0.03360502141444677,9991341.683333334,0.3213969033169639,0.005356615055282732,0.0012428361530086804,-0.4299603092907447,-0.3959873723711772,0.10693905312956775,-0.2765754666832953,0.32882747571843396,599480501.0,0.0050766250211400354,32.84,0.1482960596379126,9.7133411858524,145.39531731898586,100.33301601434748,47.01461895435169
2021-08-01,AMAT,0.276952872821175,0.5073328158830017,0.14228855721393036,0.07010090281465746,0.0012255402589975081,0.0035796490564178884,12419000000,1716000000,2013000000,0.5073328158830017,0.06887536255565996,1.3087475790832794,0.13575972300507289,1.0297678275290216,18.785705128205127,20.811020012911552,76.47988137603795,10.69196351575456,13.28193832599119,1.8568281938325992,1.89,33.863436123348016,1.7059471365638768,127056440000.0,1.303448275862069,1.2902255639097744,1.109996417054819,1.005586592178771,0.4203875315922494,0.0192733097675892,6326143.9,443928.9500000002,-925716.4178829566,4.220714285714288,0.014733749546420918,8112471.05,0.08806361531636553,0.0014677269219394256,0.0005600859343160042,-0.21386089014556187,1.1491150712550362,-0.5058470130189915,-0.5763191569418902,0.07398879422826016,486748263.0,0.000909226986828493,9.640000000000015,0.012183851136691848,3.5232595071962862,145.7556669581184,122.7783330418816,43.57549457306565
2021-10-31,AMAT,0.27960150253143884,0.5257696030977734,0.13978933616395853,0.06629235237173282,0.021839303000968053,0.0021160517546104374,13578000000,1712000000,2013000000,0.5257696030977734,0.04445304937076476,1.5454842397517556,0.08454853439387244,1.1086796766555074,18.294389602803736,20.460555283357827,109.12890243902439,10.229442312403037,13.638084632516703,1.2783964365256124,1.91,35.9086859688196,1.0489977728285078,122711700000.0,1.0105820105820107,0.9976689976689976,0.9882182052937379,1.0155058043117744,-0.31909845788849345,0.016579049367726383,6393360.0,-1370401.1833333336,-367792.4602327915,3.2549999999999955,0.016596749738505584,7085725.183333334,-0.028711795597116008,-0.00047852992661860015,0.00038754847280069924,-0.12339425483350457,1.4164722024859342,-0.9082432054995005,-0.7916948632235541,-0.03950235467772548,425143511.0,-0.0004783614226954169,-5.6200000000000045,-0.008255144032921824,-0.04984677599918541,143.43123674230247,124.08709659103086,54.983625685942776
2022-01-30,AMAT,0.28575984691436773,0.5324052225892717,0.1507148864592094,0.07047349378637723,-0.034056945099889886,-0.00911881041321283,13538000000,1792000000,1972000000,0.5324052225892717,0.1045304388862671,1.4519215436134587,0.19633623873541142,1.1386038687973086,17.13755859375,19.588904480944027,46.21595936794583,10.33154079058032,13.374578177727784,2.9898762654668167,2.02,38.05061867266592,2.827896512935883,117748049999.99998,1.0575916230366493,1.0467289719626167,1.0241711579291197,0.9708500040826324,1.3153310104529616,0.03735831760181396,9929099.15,5070627.416666667,1063739.9595845817,8.660714285714281,0.01941944918534084,8222276.583333333,-0.03347396290775806,-0.0005578993817959676,0.001030119463786221,-0.3510241499471199,-0.09497336483188876,-0.1476770483457441,-0.4880710918822659,-0.06203526662417689,493336595.0,0.0009404834004438367,-8.76000000000002,-0.0417950297802423,0.9305850786124381,166.23066275494915,135.19733724505085,35.795207703179855
2022-05-01,AMAT,0.24595676541232986,0.5451903059821674,0.13265394248207962,0.0603322989905338,0.044031580187752856,-0.003159612684566382,13880000000,1536000000,1894000000,0.5451903059821674,0.01630071880278094,1.611689351481185,0.02989913544668588,1.1987218239917092,16.143824869791665,15.882731785428343,239.0064096385542,8.566168062872443,13.187927107061503,0.47266514806378135,1.75,40.01936218678816,0.23348519362186787,96887300000.0,0.8663366336633663,0.8571428571428571,0.995853930792537,0.9738435660218672,-0.8438675696012039,0.028841660861741593,8652665.6,-58978.18333333358,2199.0371268615127,4.4399999999999995,0.02055858439092873,8057878.183333334,-0.2157913526879639,-0.0035965225447993983,0.0009206190343979353,-0.4665275535874275,-0.8445760729173842,0.301729059146136,-0.6164286608554277,-0.21604148905939186,483472691.0,-0.0029057830439873644,-30.409999999999997,-0.0387338240121633,-7.192470587799676,146.42115347485122,108.56184652514881,46.375153886803325
2022-07-31,AMAT,0.24631901840490797,0.5386261993043079,0.13305716652858326,0.06138909063109208,0.0052368028745078555,-0.007652011179495766,14091000000,1606000000,1924000000,0.5386261993043079,0.05615228775658423,1.6292944785276073,0.10425094031651409,1.1674399337199668,14.310336239103364,14.09963190184049,62.57971409121852,7.616371168185585,13.969907407407407,1.7002314814814814,1.86,42.26851851851852,1.4571759259259258,91566720000.0,1.062857142857143,1.0455729166666667,1.044035228182546,1.0424043527074878,2.539759036144578,0.027952501546095434,6774896.5,-1953033.0999999996,-485357.70791015215,3.6978571428571434,0.0180247118463354,7770733.1,-0.037589270889758275,-0.0006264878481626379,0.001135087120028972,0.10798394878158445,-0.6071007223827847,-0.02699872636763648,-0.46699226442489405,-0.06871704745166954,466243986.0,-0.00383816216739441,-7.819999999999993,-0.1706242855633363,-6.610992785949222,122.11416298708394,82.68717034624939,45.43870225077894
2022-10-30,AMAT,0.23573862794488074,0.5437401781037192,0.13047400360833197,0.059530045648432235,0.02746389283843448,-0.0015674669367058969,14532000000,1591000000,1994000000,0.5437401781037192,0.03206615280999776,1.8036746184619943,0.05897330030278007,1.1917336394948335,11.8478409805154,11.171975107423322,87.98093348891483,6.183340987370839,14.278688524590164,1.0035128805620608,1.86,44.37002341920375,0.7423887587822015,76620880000.0,1.0,0.9906600249066002,1.035122699386503,1.0102734051367026,-0.41660993873383256,0.034928068395391955,10265430.35,-1831568.8499999996,735286.3834952656,4.165000000000001,0.017493802802607376,8220168.85,-0.18601285376410348,-0.0031002142294017246,0.0009080986636672441,0.0035761961696980497,-0.21812316201174517,-0.1639048607786657,-0.6041939300340213,-0.19214838825859898,493210131.0,-0.0037809347503927615,-21.340000000000003,-0.09623153380483584,-6.031559767483898,111.53850105453938,71.09416561212731,49.821944227250356
