quality_net_profit_to_total_revenue,quality_DECM,quality_ROE,quality_ROA,quality_ACCA,quality_GMI,stock_net_asset_per_share,stock_net_operate_cash_flow_per_share,stock_eps,stock_retained_earnings_per_share,stock_cashflow_per_share,stock_market_cap,growth_PEG,growth_net_profit_growth_rate,growth_total_revenue_growth_rate,growth_net_asset_growth_rate,growth_net_operate_cashflow_growth_rate,emotional_VOL20,emotional_DAVOL20,emotional_VOSC,emotional_VMACD,emotional_ATR14,risk_Variance60,risk_sharpe_ratio_20,risk_Kurtosis60,risk_Skewness60,risk_sharpe_ratio_60,momentum_ROC60,momentum_Volume1Q,momentum_TRIX30,momentum_Price1Q,momentum_PLRC36,technical_MAC60,technical_boll_up,technical_boll_down,technical_MFI42,ticker,date
0.18917311124330755,0.49412455934195065,0.05276256844201095,0.02669128756085278,-0.009484639919422527,-0.003706046868185764,20.782758620689656,1.486206896551724,1.12,3.1586206896551725,1.486206896551724,37789900000.0,0.9256198347107439,0.905982905982906,0.9882422104644327,1.0218718209562563,-0.10395010395010396,,,,0.0,,,,,,,,,,,,0.0,,,,A,2020-12-31
,,,,,,,,,,,,,,,,,,,,-1347.582264957251,,,,,,,,,-0.0012803901251239314,,,-0.008226495726503913,,,,A,2020-12-31
,,,,,,,,,,,,,,,,,,,,-2979.9989816006273,,,,,,,,,-0.0009838084046587259,,,-0.012431886736052888,,,,A,2020-12-31
,,,,,,,,,,,,,,,,,,,,-3801.1891350166406,,,,,,,,,-0.0006794196009538567,,,-0.007478548872526858,,,,A,2020-12-31
,,,,,,,,,,,,,,,,,,,,-7608.563684730558,,,,,,,,,-0.0005404049183077575,,,-0.011013644410994061,,,,A,2020-12-31
,,,,,,,,,,,,,,,,,,,,-3889.487444478087,,,,,,,,,-0.0004561478283476861,,,-0.013377038639163175,,,,A,2020-12-31
,,,,,,,,,,,,,,,,,,,,5102.043418407906,,,,,,,,,-0.0003939463320172809,,,-0.013999525698309867,,,,A,2020-12-31
,,,,,,,,,,,,,,,,,,,,17430.272788083646,,,,,,,,,-0.0003327009234034284,,,-0.008610536145823744,,,,A,2020-12-31
,,,,,,,,,,,,,,,,,,,,53208.24650999927,,,,,,,,,-0.0002418090157572106,,,0.017535693185635637,,,,A,2020-12-31
,,,,,,,,,,,,,,,,,,,,54827.679715413135,,,,,,,,,-0.0001579664092339339,,,0.032840212623597154,,,,A,2020-12-31
,,,,,,,,,,,,,,,,,,,,48829.85533022974,,,,,,,,,-0.0001140819912623936,,,0.018591428494843854,,,,A,2020-12-31
,,,,,,,,,,,,,,,,,,,,48110.16736892681,,,,,,,,,-8.985958452234488e-05,,,0.00936560415210863,,,,A,2020-12-31
,,,,,,,,,,,,,,,,,,,,38261.674475573236,,,,,,,,,-8.446107917481349e-05,,,-0.008465863392459028,,,,A,2020-12-31
,,,,,,,,,,,,,,,,,,,,30085.82382284105,1.9150000000000023,,,,,,,,-7.11406511189061e-05,,,0.004688922830496267,,,,A,2020-12-31
,,,,,,,,,,,,,,,,,,,,26905.27121716086,2.026428571428574,,,,,,,,-5.1303481576225884e-05,,,0.021076459142605586,,,,A,2020-12-31
,,,,,,,,,,,,,,,,,,,,25592.115576926153,2.0914285714285725,,,,,,,,-4.8302612818740265e-05,,,-0.005002900388234366,,,,A,2020-12-31
,,,,,,,,,,,,,,,,,,,,17748.78942657984,2.1428571428571437,,,,,,,,-5.0764223337496084e-05,,,-0.016971989401625365,,,,A,2020-12-31
,,,,,,,,,,,,,,,,,,,,23849.25670050457,2.1578571428571434,,,,,,,,-7.377038259237523e-05,,,-0.071629353018281,,,,A,2020-12-31
,,,,,,,,,,,,,,,,,,,,12528.782274648082,2.176428571428571,,,,,,,,-0.00010389586982872956,,,-0.10571798089736717,,,,A,2020-12-31
,,,,,,,,,,,,,,,,,,1602742.95,,9547.430537911365,2.218571428571429,,,,,,,,-0.0001462730518617672,,,-0.16250567741076338,,,,A,2020-12-31
,,,,,,,,,,,,,,,,,0.010214206791521267,1624172.95,,10896.38108091522,2.2357142857142853,,-2.117727997632418,,,,,,-0.00018975690409139823,,,-0.19418383860553945,,,,A,2020-12-31
,,,,,,,,,,,,,,,,,0.010216905233625253,1655507.5,,12376.217274782015,2.29642857142857,,-2.0379919003705984,,,,,,-0.0002284706313298024,,,-0.20739806085965995,,,,A,2020-12-31
,,,,,,,,,,,,,,,,,0.010694399209893695,1794059.2,,50310.316251959885,2.4378571428571405,,-1.8782116774625581,,,,,,-0.000255348168829328,,,-0.19072609977796162,,,,A,2020-12-31
,,,,,,,,,,,,,,,,,0.011870148502475045,1793090.35,,32516.654313953593,2.415714285714284,,-1.8149844221707536,,,,,,-0.00028576107180589005,,,-0.22709433314783212,,,,A,2020-12-31
,,,,,,,,,,,,,,,,,0.01187933488673117,1899535.35,,51478.47634098283,2.5735714285714275,,-1.7854141510014434,,,,,,-0.0003165496498961362,,,-0.25404272023514807,,,,A,2020-12-31
,,,,,,,,,,,,,,,,,0.011912665362412552,2117434.05,,118672.50829597679,3.0264285714285686,,-1.7679483075008935,,,,,,-0.0003453028077147202,,,-0.2713195818263472,,,,A,2020-12-31
,,,,,,,,,,,,,,,,,0.012749387656021075,2196847.4,,134768.4600803957,2.9807142857142828,,-1.7387285450266643,,,,,,-0.0003814249341769216,,,-0.332878788434428,,,,A,2020-12-31
,,,,,,,,,,,,,,,,,0.012848894629240768,2231530.0,,139665.76243176218,3.1385714285714266,,-1.7846335509498459,,,,,,-0.00042685651595109064,,,-0.41239747969362384,,,,A,2020-12-31
,,,,,,,,,,,,,,,,,0.012816665425658898,2130260.0,,126656.72452130727,3.153571428571426,,-1.9172164893910213,,,,,,-0.0004859720599723616,,,-0.5253653653222585,,,,A,2020-12-31
,,,,,,,,,,,,,,,,,0.013601502341096436,2124327.1,,117925.77880118601,3.2728571428571405,,-1.888761676502282,,,,,,-0.0005633863025971131,,,-0.6787845792793235,,,,A,2020-12-31
,,,,,,,,,,,,,,,,,0.01641340969468209,2117972.1,,100525.58199775615,3.1664285714285683,,-1.4084649526056616,,,,,,-0.0006392075744203751,,,-0.738531637922577,,,,A,2020-12-31
,,,,,,,,,,,,,,,,,0.016457095114392153,2102089.5,,86386.38955484354,3.144999999999997,,-1.397274692769927,,,,,,-0.0007107637322404381,,,-0.7828703068308442,,,,A,2020-12-31
,,,,,,,,,,,,,,,,,0.016452020298778913,2100167.45,,67521.8911472424,3.142857142857141,,-1.383633768182859,,,,,,-0.0007778354136461774,,,-0.8234826731884368,,,,A,2020-12-31
,,,,,,,,,,,,,,,,,0.015931225600652955,2084842.45,,45101.141977531835,3.132142857142855,,-1.4964399755856912,,,,,,-0.0008423377474185978,,,-0.8734624843638983,,,,A,2020-12-31
,,,,,,,,,,,,,,,,,0.015878862856709627,2092956.75,,38984.3008907265,3.21285714285714,,-1.5110082640399738,,,,,,-0.0009035480628418746,,,-0.917771430842464,,,,A,2020-12-31
,,,,,,,,,,,,,,,,,0.015581934964537891,2113317.7,,40197.391083399765,3.2542857142857122,,-1.4515425286549084,,,,,,-0.0009584674005538307,,,-0.9401406466705993,,,,A,2020-12-31
,,,,,,,,,,,,,,,,,0.016368936505576914,2156187.85,,42330.58160952758,3.37642857142857,,-1.3340091822670896,,,,,,-0.0010004015943639866,,-0.03292120291445122,-0.9113264933660474,,,,A,2020-12-31
,,,,,,,,,,,,,,,,,0.01564579588890854,2104180.9,,20415.025839318987,3.4464285714285694,,-1.3232464925464085,,,,,,-0.0010311357006459465,,-0.02500686221616466,-0.8829147676793525,,,,A,2020-12-31
,,,,,,,,,,,,,,,,,0.016090871990612876,2105429.4,,2735.2069572149776,3.3542857142857128,,-1.3677612994345532,,,,,,-0.0010587040297832528,,-0.025308747286909794,-0.9019194727775215,,,,A,2020-12-31
,,,,,,,,,,,,,,,,,0.016224656111578716,2097728.5,,-8792.0874463371,2.999285714285714,,-1.3661349898934223,,,,,,-0.0010883148041043178,,-0.03247380878289807,-0.95688405840977,,,,A,2020-12-31
,,,,,,,,,,,,,,,,,0.01619954415210538,2069695.95,,-23138.727804308757,2.9357142857142855,,-1.4366922572119618,,,,,,-0.0011228491920390882,,-0.03061925193457038,-1.0364501015448582,,,,A,2020-12-31
,,,,,,,,,,,,,,,,,0.01627993738710118,2060636.25,,-27626.115824185777,2.798571428571427,,-1.5021397569839687,,,,,,-0.0011653835524313427,,-0.03339253575826462,-1.1456279994353764,,,48.708124300763686,A,2020-12-31
,,,,,,,,,,,,,,,,,0.01666086847965907,1987214.6,,-15730.710166371427,2.6507142857142836,,-1.597683590051895,,,,,,-0.0012219426792962063,,-0.037585318981757654,-1.3113210391810952,,,47.4141628495737,A,2020-12-31
,,,,,,,,,,,,,,,,,0.01618743244401069,2009123.45,,-24193.273233648157,2.517857142857142,,-1.5722813224997256,,,,,,-0.0012886269603405998,,-0.044652459387558796,-1.4617782295506032,,,48.986327975156115,A,2020-12-31
,,,,,,,,,,,,,,,,,0.01609328310311273,1925038.45,,-37152.389113012934,2.6799999999999997,,-1.599523145774069,,,,,,-0.001363015577556026,,-0.060931824531992196,-1.6045910775687133,,,50.34174456357298,A,2020-12-31
,,,,,,,,,,,,,,,,,0.01939840655448773,1702609.3,,-50445.73242753814,2.6464285714285714,,-1.223380536989571,,,,,,-0.0014303898326512021,,-0.0613459975904288,-1.6358569659439866,,,50.339628725305786,A,2020-12-31
,,,,,,,,,,,,,,,,,0.019085251324011464,1594773.95,,-62713.80491979886,2.6685714285714277,,-1.2218632296272214,,,,,,-0.001494593198909766,,-0.05048286515789069,-1.6932021267019195,,,50.17414937751266,A,2020-12-31
,,,,,,,,,,,,,,,,,0.019384875504201954,1497688.2,,-79808.65078267315,2.654285714285713,,-1.1346710659216905,,,,,,-0.0015509164330883562,,-0.054351118304606705,-1.7086364395237865,,,49.87560466348677,A,2020-12-31
,,,,,,,,,,,,,,,,,0.01897895335985284,1456603.2,,-90125.82577095577,2.5849999999999986,,-1.0915464230623915,,,,,,-0.0015981693367698169,,-0.051458131079511915,-1.7066953350001484,,,50.34957051302339,A,2020-12-31
,,,,,,,,,,,,,,,,,0.01856780676168072,1398900.4,,-103280.60924851382,2.4885714285714267,,-1.097002082646484,,,,,,-0.0016421251382728874,,-0.06858869757671249,-1.7462071808134993,,,51.2298260423558,A,2020-12-31
,,,,,,,,,,,,,,,,,0.01650965207934725,1358875.4,,-117954.40197689831,2.222142857142855,,-1.322989829240602,,,,,,-0.001680382273158254,,-0.07426189340590494,-1.7620164843398953,,,48.94719575829783,A,2020-12-31
,,,,,,,,,,,,,,,,,0.01645895368685676,1307868.0,,-134292.41521549015,2.1764285714285703,,-1.3418541746940422,,,,,,-0.0017134004307528539,,-0.05769854906452854,-1.7766108529141462,,,50.94174122938036,A,2020-12-31
,,,,,,,,,,,,,,,,,0.016735963021387076,1291998.0,,-139777.51439645723,2.145714285714285,,-1.2826664568282165,,,,,,-0.0017381925001720422,,-0.06505854200495698,-1.7595310874235253,,,52.903454132349815,A,2020-12-31
,,,,,,,,,,,,,,,,,0.016896955511052844,1273433.0,,-151906.8262912049,2.094285714285714,,-1.289109456879029,,,,,,-0.0017590707134763628,,-0.04593288655788663,-1.7731897450354097,,,50.98495409269675,A,2020-12-31
,,,,,,,,,,,,,,,,,0.016893773240293418,1229127.1,,-158527.31163963606,2.0785714285714283,,-1.2958474128911948,,,,,,-0.001776701332043329,,-0.054580981328701816,-1.7891386214183456,,,50.54775300066329,A,2020-12-31
,,,,,,,,,,,,,,,,,0.016807146408364674,1168660.65,,-164156.89275380038,2.0064285714285726,,-1.313813093019959,,,,,,-0.001790084404493797,,-0.04350824675705811,-1.792727183833648,,,48.83757772309546,A,2020-12-31
,,,,,,,,,,,,,,,,,0.01593317518010254,1109943.7,,-167007.5958748469,2.0050000000000026,,-1.4510769499503067,,,,,,-0.0017993456242701988,,-0.053989312695780334,-1.793164700118993,,,48.25091898121324,A,2020-12-31
,,,,,,,,,,,,,,,,,0.015977048386264375,1093563.7,,-176330.04506641533,1.952142857142859,,-1.4384095560782217,,,,,,-0.0018038263868206394,,-0.06277931884727994,-1.7831709452325697,,,49.0582047801931,A,2020-12-31
,,,,,,,,,,,,,,,,,0.015764987607483044,1074675.4,,-183289.75405890332,1.7714285714285734,,-1.443739700178535,,,,,,-0.0018079095898836384,,-0.07815321737477432,-1.8093385379679177,,,47.465749064906724,A,2020-12-31
,,,,,,,,,,,,,,,,,0.015417171434902703,1072913.35,-268987.2666666666,-176149.81359763397,1.827142857142859,,-1.430653427616007,,,,,95467696.0,-0.001811841265250469,,-0.05793428190220207,-1.8373943945490652,122.08130202186754,100.39803131146579,48.13093293783362,A,2020-12-31
,,,,,,,,,,,,,,,,,0.015839704172980577,1068056.6,-509294.5,-175183.24795231107,1.8114285714285734,0.00019936220962512628,-1.4183810630698244,1.28374283607807,0.5990626409674766,-1.5904973450689013,-0.14229048864883112,95238510.0,-0.001820766678942598,-16.86,-0.06316620512073068,-1.9143162160344218,121.909314951271,100.00801838206235,48.25084268139245,A,2020-12-31
,,,,,,,,,,,,,,,,,0.01590739491982926,1029627.65,-777996.8,-180630.2338184272,1.8535714285714309,0.0002033770699496136,-1.3136953686600823,1.079736456000085,0.5267898685987987,-1.5467365064091787,-0.12156060993270291,94915428.0,-0.0018294461930207229,-14.269999999999996,-0.0686620741774212,-1.9463591607961916,121.72302127701177,99.7186453896549,50.010609003076574,A,2020-12-31
,,,,,,,,,,,,,,,,,0.01592931094115488,949740.0,-864756.6000000001,-187584.47210629517,1.817142857142859,0.000216518791371145,-1.3126018924566558,0.8873928578911903,0.4587004723060296,-1.5316780309621658,-0.14689072762944638,94620276.0,-0.0018451227733502495,-17.22,-0.051181316777074715,-2.0480473396886225,121.64179242523095,99.22587424143573,48.08187745262936,A,2020-12-31
,,,,,,,,,,,,,,,,,0.016193066424449423,914825.0,-848746.2666666666,-193426.4274109779,1.767142857142859,0.0002191426364821532,-1.2517469004432442,0.7924374202536906,0.440618147082291,-1.514621604600534,-0.14096579818382415,94340776.0,-0.001862825393899703,-16.61,-0.0423091952986443,-2.109160872878064,121.44210000105886,98.87189999894113,47.09859633273071,A,2020-12-31
,,,,,,,,,,,,,,,,,0.0161858856245986,923895.0,-220622.93333333335,-182969.94181369315,1.7814285714285734,0.0002190766623641123,-1.2499468838598486,0.7913345901726596,0.4351045006545407,-1.5129952027668654,-0.13954479584008186,94969376.0,-0.0018821927344790934,-16.370000000000005,-0.02481290639185385,-2.169089910510621,121.25700155715586,98.51133177617749,49.24367758797088,A,2020-12-31
,,,,,,,,,,,,,,,,,0.012613511943228158,904440.45,-852427.9333333333,-188740.09483367088,1.7357142857142864,0.0002193528759289033,-1.8030176319635776,0.7967182130901057,0.4582559722190927,-1.519973249320478,-0.1456095481670929,94489676.0,-0.0019040066280164858,-17.08,-0.0011876671385874227,-2.238644028041051,121.07186823334034,98.12713176665967,49.5415669988679,A,2020-12-31
,,,,,,,,,,,,,,,,,0.012414845387952496,916170.45,-232663.93333333335,-178700.01812958694,1.72,0.00021952684866697299,-1.8068498634320436,0.807985343942098,0.483849631802666,-1.5280112230956449,-0.15216835647950924,94155836.0,-0.001928851423343203,-17.86,-0.03935311608714109,-2.3167835572079127,120.88038070375248,97.72328596291419,45.8973064920124,A,2020-12-31
,,,,,,,,,,,,,,,,,0.012207205598606292,925904.5,-523089.56666666665,-176805.58934805728,1.7578571428571428,0.00022290650393309424,-1.9727831283253785,0.7616533114129908,0.5269582953837988,-1.5406998609483622,-0.17057225335371035,93102454.0,-0.0019599360657502896,-20.090000000000003,-0.04609393105810988,-2.430132531351262,120.70901282083898,97.22498717916105,39.15872972202165,A,2020-12-31
,,,,,,,,,,,,,,,,,0.012166424790331988,930549.5,-348204.2333333334,-171622.9153151454,1.7421428571428572,0.0002203984340427729,-2.0594132278837103,0.9031133316245398,0.600763456946369,-1.5794438459329452,-0.19245599329421623,90348254.0,-0.0019986440809789396,-22.959999999999994,-0.04871511704134024,-2.5642489475237795,120.45236038034925,96.71630628631742,40.929349844931764,A,2020-12-31
,,,,,,,,,,,,,,,,,0.011990820861815176,943285.9,-340109.80000000005,-166834.7078316668,1.8342857142857139,0.00022185565039063758,-1.9891360441600667,0.8285668815325701,0.5690574150498893,-1.5645326135319355,-0.18542489703286544,89330268.0,-0.0020412347357816607,-22.060000000000002,-0.04555007309941528,-2.6697538521864885,120.1425841301004,96.29074920323293,44.49909963884038,A,2020-12-31
,,,,,,,,,,,,,,,,,0.012693148658832745,947028.35,-628776.2833333334,-169740.84528200002,1.8207142857142853,0.00022686050706490168,-1.8388773043925712,0.6351986799256021,0.4942070759003455,-1.5115624177212805,-0.15881951552371196,88477517.0,-0.002081750119276027,-18.61999999999999,-0.048027805705348814,-2.720373626188916,119.84616211822093,95.96650454844574,47.09946987975576,A,2020-12-31
,,,,,,,,,,,,,,,,,0.01268703665876344,961623.35,-529293.6166666667,-170121.471772352,1.8571428571428572,0.0002266541151828365,-1.854866438225589,0.6569811640112606,0.5159533920837449,-1.51916731368891,-0.16406848964988505,87431617.0,-0.002120804824771616,-19.260000000000005,-0.05789473684210533,-2.7753189172763513,119.52361272369194,95.64705394297474,48.284521231924124,A,2020-12-31
,,,,,,,,,,,,,,,,,0.012768855463078954,1017775.6,692464.6499999999,-139259.60040299362,1.9192857142857147,0.0002305689809875591,-1.8380161340824932,0.5072892152439199,0.45974927538475197,-1.4861558450105157,-0.14870652732568101,88198821.0,-0.0021545707752962384,-17.36,-0.08039506172839495,-2.790566549866597,119.17306475180823,95.41893524819179,48.70832538067558,A,2020-12-31
,,,,,,,,,,,,,,,,,0.012626384738423103,1043946.2,-220995.21666666656,-133733.8130214531,1.8871428571428572,0.0002257370306332795,-1.7987732558392793,0.6600872148560288,0.4912773333268364,-1.5160556574475124,-0.15935178933153282,88044433.0,-0.0021825255310187197,-18.88000000000001,-0.08391584226842819,-2.7951103184575885,118.65169124495335,95.31097542171332,48.11766561846662,A,2020-12-31
,,,,,,,,,,,,,,,,,0.012695869503511417,1066895.05,-97310.96666666656,-125449.59874599287,2.0014285714285722,0.00022582071215772106,-1.7665530716848747,0.6563832608033148,0.4897538776674807,-1.5153005169123854,-0.1589933507280532,87779578.0,-0.0022040470757579422,-18.89,-0.06827382031297202,-2.7872635784928406,118.05459180307463,95.27840819692537,47.9793896071971,A,2020-12-31
,,,,,,,,,,,,,,,,,0.01272426073842743,1073811.2,-398106.8500000001,-125552.37023163168,1.914285714285715,0.0002213453394327547,-1.7583793866815962,0.7187510846123093,0.4491318923079564,-1.5027739882260525,-0.13771477663230242,87115791.0,-0.0022183637104505882,-16.03,-0.05446482522710738,-2.7647136309881404,117.60928524763276,95.18938141903391,50.198716774468785,A,2020-12-31
,,,,,,,,,,,,,,,,,0.012805930227764842,1084011.05,-242347.53333333344,-121559.2258555945,1.8992857142857156,0.0002211618340839161,-1.7844911926409635,0.7581180505666608,0.4965901032598753,-1.519877959257805,-0.15032903170669176,87002852.0,-0.002228420764358585,-17.590000000000003,-0.04354178994466762,-2.7642165435499066,117.10538888364785,95.10694444968549,47.02684541907179,A,2020-12-31
,,,,,,,,,,,,,,,,,0.01277889092847516,1116991.05,-69645.21666666656,-113611.75845172466,1.8800000000000026,0.00021506636499882674,-1.8327853061264412,0.886008163277113,0.5097848693714198,-1.5252892656137462,-0.1381118881118882,86294713.0,-0.002236362562507921,-15.800000000000011,-0.029026246885425766,-2.7807753413794813,116.79075881852825,94.89490784813844,43.186301225393734,A,2020-12-31
,,,,,,,,,,,,,,,,,0.012490750735954435,1175384.35,481370.28333333344,-91701.30683598574,1.9000000000000026,0.00021377534606800442,-1.8157232764817337,0.9499071255523943,0.5347412490968113,-1.5377080530547498,-0.1439861050803301,87109783.0,-0.002241995407811337,-16.580000000000013,-2.448819668920965e-05,-2.792873545521104,116.39515302984074,94.73784697015924,42.514540673360415,A,2020-12-31
,,,,,,,,,,,,,,,,,0.01251982452042004,1156998.3,-488126.71666666656,-96506.97791454569,1.96214285714286,0.0002119257562199533,-1.8267013725850145,0.996804849606079,0.5238968794322484,-1.536227526899972,-0.13778834301813692,86552803.0,-0.002246717330031678,-15.649999999999991,-0.0004519810930317947,-2.816499834361096,116.10302627275918,94.50830706057415,42.71918813731834,A,2020-12-31
,,,,,,,,,,,,,,,,,0.01313725810084736,1164377.6,-208443.3833333333,-93820.93787872186,1.9692857142857167,0.00022102265478249382,-1.7668441142146754,0.9160382250258102,0.5189975941649021,-1.5459915361191428,-0.16959064327485374,86042603.0,-0.002257100799667233,-19.429999999999993,0.0013060965746387598,-2.9060480495042498,115.81436343306457,94.14930323360208,42.803471152777746,A,2020-12-31
,,,,,,,,,,,,,,,,,0.013384170192357958,1211876.25,319853.28333333344,-77592.55722946394,2.117857142857145,0.00022670425370047544,-1.7222672651849413,0.7527422817238892,0.5035340736080489,-1.5143496375441468,-0.16054091539528428,86042803.0,-0.002267192521837491,-18.519999999999996,-0.04246301186135215,-2.9405658504812067,115.35718387068785,93.98914946264547,46.13242803835441,A,2020-12-31
,,,,,,,,,,,,,,,,,0.013603431198139415,1275906.05,588557.1166666667,-56365.26264822064,2.306428571428573,0.00023926268330850875,-1.4773833453280008,0.6213177211650698,0.5435336294364037,-1.457301211306664,-0.14764756201881954,84257213.0,-0.0022693084932228214,-17.260000000000005,-0.03088396147270278,-2.8958204465541115,114.65164804068311,94.1193519593169,49.51653568718191,A,2020-12-31
,,,,,,,,,,,,,,,,,0.015862027047221675,1312851.05,50233.5,-50493.57093388587,2.367857142857144,0.0002581169652448347,-1.1855731653093715,0.5904957028738215,0.6076958116959809,-1.3387762118491944,-0.0935226575510562,84735990.0,-0.0022547167454408656,-10.670000000000002,-0.0456605234791162,-2.752568245471494,114.15469883910632,94.26063449422702,52.72826988042909,A,2020-12-31
,,,,,,,,,,,,,,,,,0.016693791749478076,1302728.5,-224138.31666666665,-52886.51994753932,2.3357142857142867,0.0002649880205250838,-1.1848267865249527,0.5109300726934565,0.6257021001916461,-1.346408228105583,-0.11569742020113678,83033239.0,-0.0022317801315935304,-13.22999999999999,-0.05249341783480577,-2.676610570249963,113.6005944873391,94.37373884599427,54.03030092987617,A,2020-12-31
,,,,,,,,,,,,,,,,,0.016688977488962423,1320459.55,-232148.7666666666,-57171.889703498455,2.280714285714287,0.00026499437667807697,-1.184537971297076,0.5383044265969209,0.655885856736738,-1.3564342178678221,-0.12434600627833976,78550186.0,-0.0022034418704589553,-14.260000000000005,-0.03612727484710698,-2.62117233747567,112.98526058369441,94.51373941630558,51.39090979964808,A,2020-12-31
,,,,,,,,,,,,,,,,,0.016650398170100198,1296940.1,-403083.83333333326,-66545.34028275637,2.2278571428571436,0.0002586646651730115,-1.1815584942536639,0.6315978792659961,0.6584090041037042,-1.3559767721373408,-0.1097050173781302,76157690.0,-0.002171740442628578,-12.309999999999988,-0.04474797209860171,-2.580047596562622,112.55986521676896,94.5288014498977,49.1940942800527,A,2020-12-31
,,,,,,,,,,,,,,,,,0.016221943526818994,1307355.65,-6720.449999999953,-65376.78700827062,2.243571428571429,0.00025781300692914277,-1.1835436883748711,0.6459259074336658,0.6548815035870689,-1.3551474634361977,-0.10704301560104612,74618967.0,-0.002139318898343623,-11.870000000000005,-0.04536501616793576,-2.5616205517702326,112.22626089539148,94.46673910460854,46.646885703604426,A,2020-12-31
,,,,,,,,,,,,,,,,,0.015856597372055897,1303090.65,-157781.1166666667,-68530.54408735991,2.1171428571428583,0.000252471874505151,-1.1573658084643828,0.7078344406116134,0.6274227678319344,-1.3452183107020925,-0.08603238866396769,73804867.0,-0.0021053446282708332,-9.350000000000009,-0.058109444965115054,-2.5329423087024736,112.01770054026493,94.36363279306842,48.99875802039244,A,2020-12-31
,,,,,,,,,,,,,,,,,0.01602838632614311,1298719.25,-152335.18333333335,-71629.03274790244,2.104285714285715,0.00024410195525036388,-1.1945088791999248,0.8311643957120278,0.6684323465906328,-1.3519224615235124,-0.07182633317602642,72818111.0,-0.002072472024140515,-7.609999999999999,-0.0476088745410812,-2.5290448687877074,111.94809333736352,94.17957332930315,46.95608042703356,A,2020-12-31
,,,,,,,,,,,,,,,,,0.015623624803228044,1314154.1,-52139.94999999995,-71924.63332901988,2.162142857142857,0.00021973070176818345,-1.3060066158491872,1.0737443705741427,0.6404198499098543,-1.4748792028139093,-0.11159657746222469,72401157.0,-0.002042250225996689,-12.260000000000005,-0.04722433741565668,-2.5414442527886933,111.67158371056671,94.04741628943329,46.95683937326064,A,2020-12-31
,,,,,,,,,,,,,,,,,0.01567274132651234,1331225.85,69095.93333333335,-69063.76499920618,2.122857142857142,0.00022058035144501982,-1.2631818567060016,1.0329194781277404,0.6277522212853619,-1.4681754851724353,-0.10855173664641335,72014344.0,-0.002012251676875021,-11.969999999999999,-0.05235407576045037,-2.5308324140515595,111.33048216750086,93.98951783249913,46.65704913197238,A,2020-12-31
,,,,,,,,,,,,,,,,,0.015430375019309502,1294520.85,226913.5166666666,-62122.11542694806,2.0649999999999986,0.00022076705596461784,-1.3414404460812153,1.0392398333547694,0.6419843386511779,-1.472471067923243,-0.11246255786511755,72085889.0,-0.0019836045159135063,-12.39,-0.05445951500205515,-2.5313065155378354,110.9854752119278,93.9215247880722,44.39303913202095,A,2020-12-31
,,,,,,,,,,,,,,,,,0.015426895603664026,1373740.25,1600426.85,-18429.593654866796,2.2264285714285705,0.000220599188656231,-1.3429514643445934,1.0199340535872845,0.6140780803686371,-1.4635300643909808,-0.10489766081871349,73822389.0,-0.001955435446668319,-11.480000000000004,-0.05945852244074645,-2.5234484600713785,110.67081523432988,93.85351809900344,41.20324944238462,A,2020-12-31
,,,,,,,,,,,,,,,,,0.015399146566268366,1405891.15,774728.8999999999,-11.330403398023918,2.2185714285714275,0.00022057144807320527,-1.3591179071365656,1.0231912974413933,0.6167796898849582,-1.4644600497147147,-0.10556621880998078,74038266.0,-0.0019277454334865052,-11.549999999999997,-0.046690988223246244,-2.515362219809603,110.34037623937925,93.7989570939541,42.193130987203354,A,2020-12-31
,,,,,,,,,,,,,,,,,0.01535504082998175,1452665.7,757601.4833333334,16439.827277484117,2.0142857142857133,0.00021923128276830233,-1.3893328665633788,1.1051132680670532,0.6562321191555641,-1.4810829403005714,-0.11515426497277674,73902751.0,-0.0019011809552902381,-12.689999999999998,-0.04582477645146099,-2.5137433688965274,109.92976448942956,93.78656884390377,41.23356953098143,A,2020-12-31
,,,,,,,,,,,,,,,,,0.01523574495115022,1440150.7,-253968.4833333334,4031.380049671745,1.8542857142857139,0.0002102834327812956,-1.3738613694193496,1.434571945362005,0.7099877913890121,-1.537903807917847,-0.13448888888888885,72682109.0,-0.001875728393975984,-15.129999999999995,-0.02586451944417112,-2.512499332420049,109.25974590907481,93.95225409092521,39.414471847080954,A,2020-12-31
,,,,,,,,,,,,,,,,,0.015501619420378887,1431260.7,-23138.483333333395,-1165.1118441191502,1.7642857142857136,0.00021482360202465132,-1.277318307973354,1.2269154668036906,0.663845277207305,-1.5056202604183335,-0.12235649546827802,72836309.0,-0.0018473918647851084,-13.77000000000001,-0.04111175760710295,-2.4704318780514853,108.50430549583405,94.24869450416597,41.49789171485708,A,2020-12-31
,,,,,,,,,,,,,,,,,0.015722926252592778,1400510.15,101332.3666666667,-2538.6623696382158,1.8157142857142847,0.00021114751281731632,-1.2950762020515219,1.3178151129065576,0.6784228931862336,-1.5094867164143755,-0.11518941453688605,73011398.0,-0.001819484803770255,-12.710000000000008,-0.01195436011954365,-2.458786353941136,107.95639789716643,94.3729354361669,39.29957429649838,A,2020-12-31
,,,,,,,,,,,,,,,,,0.015948459039607288,1409639.15,-76183.6000000001,-8663.022659292445,1.8257142857142838,0.00020973170516782916,-1.2991153734684326,1.3551014425731698,0.6836940072112009,-1.5109554150965834,-0.11236058622914553,72791016.0,-0.001795236891003693,-12.189999999999998,-0.025115809348174478,-2.480339737698486,107.5891777894944,94.33382221050563,39.03820669997528,A,2020-12-31
,,,,,,,,,,,,,,,,,0.01465641487706034,1393402.4,-307747.19999999995,-20641.75501855323,1.798571428571426,0.00020922767895656128,-1.286690130542637,1.3021342408322694,0.6227298809612608,-1.4872175589774022,-0.09240399887881903,72516732.0,-0.001771646673942362,-9.89,-0.02345727935187014,-2.4741808076071976,107.30120033112652,94.29213300220678,40.63319814589183,A,2020-12-31
,,,,,,,,,,,,,,,,,0.014188435934471064,1350603.95,-299438.28333333344,-31729.544401575346,1.7178571428571405,0.00020626416948757906,-1.3688797856515262,1.3379301641640529,0.5761991919056689,-1.4708094029883516,-0.07088559483086274,71842157.0,-0.0017467558469208555,-7.459999999999994,-0.017117896183950876,-2.4478452062952414,107.11628555429138,94.2283811123753,42.68472027911939,A,2020-12-31
,,,,,,,,,,,,,,,,,0.012535199285861115,1304735.55,-101317.8666666667,-37113.62527028611,1.7721428571428544,0.00019208476466783136,-1.678209689981913,1.573681209543908,0.6994034930358787,-1.4921937261115752,-0.045450093055147425,70607632.0,-0.0017214947100445688,-4.640000000000001,-0.01068011031833771,-2.4290899398626777,107.08097705092194,94.10902294907805,42.73040617949829,A,2020-12-31
,,,,,,,,,,,,,,,,,0.008710402239724578,1279527.75,-210723.93333333335,-45187.81573823979,1.7742857142857116,0.00019253474886714355,-2.6069708455444185,1.533552224173343,0.6784865717394745,-1.4842020560225184,-0.040482258380709624,70144076.0,-0.0016946334300009802,-4.1299999999999955,0.007808145949204537,-2.396558905561548,107.0382343084954,94.01409902483796,42.857256515995516,A,2020-12-31
,,,,,,,,,,,,,,,,,0.007411865709176015,1260502.1,-383139.19999999995,-57411.72257980611,1.7764285714285688,0.00019254992725868528,-2.9384873939120566,1.5333401700674996,0.6789347536752489,-1.4843223721108563,-0.04062561479441271,69742512.0,-0.0016672710904369614,-4.1299999999999955,0.022273545083385304,-2.3730067188563453,107.007845143242,93.90682152342468,42.81874545227543,A,2020-12-31
,,,,,,,,,,,,,,,,,0.008293980389121545,1306367.3,817235.8999999999,-35669.57191289775,1.874285714285712,0.00016466819202953114,-2.4878038823499646,0.8289073284945673,0.3140197180095968,-1.6402582300950606,-0.0655413051678612,70625346.0,-0.0016353049393892372,-6.950000000000003,0.016885655648425146,-2.3057472166854893,106.73434114976301,93.94865885023701,44.125520049002795,A,2020-12-31
,,,,,,,,,,,,,,,,,0.01026378968806456,1340646.75,367214.2333333334,-27593.87347797607,1.9192857142857116,0.00017424374880239428,-2.120810931810539,0.722313142415109,0.21272573667284586,-1.612930589682242,-0.07932715282423777,71075146.0,-0.0016067255617445708,-8.299999999999997,-0.001391423871651143,-2.315480732994118,106.57770233381552,93.82863099951783,44.03509081295138,A,2020-12-31
,,,,,,,,,,,,,,,,,0.010147818807023739,1361968.5,464954.44999999995,-17081.490172518417,1.6707142857142827,0.00016993782589781978,-2.12210495498048,0.9021518149409297,0.2630908169543253,-1.6573638038557603,-0.0964490910803428,71904573.0,-0.0015819031376694825,-10.239999999999995,0.0029722476986313584,-2.3321212488816485,106.3046938151048,93.7603061848952,43.337947373885505,A,2020-12-31
,,,,,,,,,,,,,,,,,0.0105612368542742,1364619.2,-74105.78333333344,-22013.906055942643,1.7092857142857116,0.00017226182590475677,-1.9961157236481342,0.8051766846073424,0.2494159286706094,-1.637834713778806,-0.0905685117542381,71965187.0,-0.0015569829610072583,-9.670000000000002,-0.010280405178775043,-2.3123905249952372,105.93270473565127,93.80996193101538,45.52090042441054,A,2020-12-31
,,,,,,,,,,,,,,,,,0.01110085245827823,1380240.3,166306.8500000001,-19759.002689921297,1.742142857142854,0.00017247190075349276,-1.9376882687221586,0.8004648787368105,0.24798194444700103,-1.637303580615568,-0.09090909090909093,72444909.0,-0.0015366067865503208,-9.530000000000001,-0.013665774207942794,-2.340069832281685,105.7446923102466,93.6803076897534,45.257300242413024,A,2020-12-31
,,,,,,,,,,,,,,,,,0.012046924948185005,1381368.0,-37083.483333333395,-23019.536816040054,1.7928571428571405,0.0001794005677129088,-1.6684894954710974,0.6178529471670902,0.2569928257696808,-1.5889112315704375,-0.07896979452703345,72851009.0,-0.00151462508161615,-8.340000000000003,-0.017561271239213472,-2.308584698002363,105.43483186114234,93.71216813885765,47.30906786799689,A,2020-12-31
,,,,,,,,,,,,,,,,,0.013151769224320903,1375047.0,-79717.06666666665,-26926.867792844307,1.8221428571428544,0.00018900500496002608,-1.651739423861016,0.442077501893421,0.23517697909231874,-1.5772962559208716,-0.10124182386956103,73357924.0,-0.0014976776314638007,-10.679999999999993,-0.023504699279333297,-2.343602911238918,105.17403588283005,93.61696411716997,45.298152567028126,A,2020-12-31
,,,,,,,,,,,,,,,,,0.013943306541828907,1372944.75,157886.2666666666,-23831.500993876485,1.8228571428571405,0.00019366934087689406,-1.469032021846794,0.346061626797659,0.24399135323578383,-1.548554923439046,-0.09409559512652302,73704824.0,-0.001479801222882715,-10.040000000000006,-0.014945014416951619,-2.322023522545777,104.72066693603774,93.73566639729559,45.804862898199985,A,2020-12-31
,,,,,,,,,,,,,,,,,0.013944711969122735,1297066.75,74988.93333333335,-22947.280375158647,1.797142857142855,0.0001914929960964324,-1.4869839617734852,0.4055730885640346,0.2215347738957746,-1.5456153873583378,-0.08516900873528294,74295064.0,-0.001461808466693415,-8.969999999999999,-0.007386747802569316,-2.307423129056758,104.38171275859435,93.77562057473901,45.510335579871345,A,2020-12-31
,,,,,,,,,,,,,,,,,0.01395765703214663,1305088.65,909846.3833333333,1375.3500964178238,1.817142857142856,0.00019154326070393068,-1.4942172894029364,0.40481102505315125,0.22497421076556245,-1.5465642507353234,-0.08604606891300215,75557497.0,-0.0014444282614110016,-9.040000000000006,-0.007803253187244175,-2.2998344943803772,104.0503733905822,93.80562660941783,41.704727812549706,A,2020-12-31
,,,,,,,,,,,,,,,,,0.014049499701215174,1267469.25,-27722.716666666558,-1808.4484290063847,1.8521428571428555,0.00019194593464957646,-1.50174263410118,0.40570942206739447,0.26552109232782956,-1.5592113744114315,-0.09685069246822242,75878923.0,-0.0014295325246584945,-10.210000000000008,-0.00209049547863005,-2.3119113985432165,103.67725880849319,93.83840785817348,39.51913067406168,A,2020-12-31
,,,,,,,,,,,,,,,,,0.014155520965722174,1392778.5,2157938.25,56476.243316533975,1.807857142857142,0.00019275834118208696,-1.5165867342860657,0.389832340582602,0.2945692694525159,-1.5666270688806365,-0.10490372759176707,78338805.0,-0.0014187203264258708,-11.060000000000002,0.026948590381426163,-2.3429481538737207,103.30104327571212,93.84595672428787,35.850496399802395,A,2020-12-31
,,,,,,,,,,,,,,,,,0.013994644296332397,1394558.5,-87870.08333333326,48544.150042191846,1.809285714285713,0.00019569303964950467,-1.6425587156124937,0.333791053056678,0.3394376996935199,-1.5776285026160004,-0.12197428139183061,78856205.0,-0.0014150494639686428,-12.900000000000006,0.007779154619303341,-2.4098849296517955,102.92723950646875,93.78976049353126,33.9641525088912,A,2020-12-31
,,,,,,,,,,,,,,,,,0.013862687365452564,1423504.45,563975.0166666666,59646.591731070075,1.8007142857142853,0.00019282450921776365,-1.6157875570386946,0.39755286640913,0.30454099828948467,-1.570903453244927,-0.10829493087557605,79987979.0,-0.0014168874523227126,-11.280000000000001,-0.02242517507471342,-2.4677083552733308,102.69627016575328,93.6447298342467,33.64298687830099,A,2020-12-31
,,,,,,,,,,,,,,,,,0.01445311488284243,1434716.45,27455.366666666698,55016.871135136345,1.8221428571428575,0.0002007173744320289,-1.5842228761780417,0.2553683667072501,0.29947197132504794,-1.5642829741739082,-0.12697343088178667,80027078.0,-0.0014287221886294388,-13.189999999999998,-0.061574700788585957,-2.578011522434494,102.62717248476088,93.27416084857245,33.717452119641564,A,2020-12-31
,,,,,,,,,,,,,,,,,0.014454310428354123,1471984.2,302965.2666666666,58542.5044019639,1.8871428571428572,0.00019740190603057944,-1.6688096235893786,0.3081414184584425,0.3162935965168042,-1.5703758825984573,-0.12171602873167363,80595284.0,-0.0014521113641711159,-12.36999999999999,-0.04348793512658233,-2.7156141844424155,102.8336582001784,92.6553417998216,30.649163448038806,A,2020-12-31
,,,,,,,,,,,,,,,,,0.014306306579679485,1473992.65,-407390.94999999995,42139.30535781919,1.8807142857142867,0.00019286619006622603,-1.7028355886855113,0.45500536544970255,0.345199867201086,-1.604177786375399,-0.13285492629945697,80729457.0,-0.0014839564857950238,-13.700000000000003,-0.03986313040784273,-2.834285001541531,102.84781962581908,92.18451370751427,30.69833355460237,A,2020-12-31
,,,,,,,,,,,,,,,,,0.014478304463615818,1476911.1,-218672.56666666665,32377.28284839634,1.8592857142857153,0.0001803796194225409,-1.6516410722916008,0.5365280165008655,0.4042670683647247,-1.6144076408629382,-0.10088991100889914,81151054.0,-0.0015206954914464,-10.090000000000003,-0.03764041819597386,-2.9259327506861297,102.9873109327836,91.7086890672164,32.55367974726266,A,2020-12-31
,,,,,,,,,,,,,,,,,0.014341785631903034,1482473.9,-288684.2333333334,21555.257127695717,1.79857142857143,0.00017719500302176844,-1.6978372613398305,0.686410408028597,0.45907796339404805,-1.6492899029232433,-0.11539221497727714,81497054.0,-0.0015616926948420762,-11.679999999999993,-0.03174723400435375,-3.016904469360256,103.04947245119494,91.25719421547176,31.6574585761811,A,2020-12-31
,,,,,,,,,,,,,,,,,0.014341766230639857,1515597.3,82094.69999999995,21864.803444240708,1.7078571428571447,0.00017723438310537836,-1.6978671223277362,0.6869763971820485,0.4624619242797611,-1.6502574882276275,-0.11620764810778685,81576558.0,-0.0016062368402870453,-11.730000000000004,-0.037599136436345826,-3.1057532055462787,103.1153158605882,90.80035080607848,28.473469773671695,A,2020-12-31
,,,,,,,,,,,,,,,,,0.013597549540141102,1486493.5,41142.21666666656,21302.803363748826,1.6557142857142881,0.00017692521080757125,-1.845488385874223,0.6801852682291777,0.4328224770970057,-1.6413565454705892,-0.10886050688485328,82266407.0,-0.0016525389233423837,-10.909999999999997,-0.030461211669265298,-3.18060214221795,103.18099826009868,90.37100173990132,28.17369332547956,A,2020-12-31
,,,,,,,,,,,,,,,,,0.012517769638803956,1484288.5,133741.55000000005,23406.106360047357,1.596428571428573,0.00017691982563512444,-1.921600347663398,0.6803381129627466,0.43274287865866984,-1.6413435174160016,-0.1088332830871269,82437507.0,-0.0017010635937891871,-10.829999999999998,-0.025648907103825058,-3.262714229351772,103.29090538132992,89.90009461867008,28.087625479300698,A,2020-12-31
,,,,,,,,,,,,,,,,,0.01252904285529152,1457970.3,-238764.81666666665,15009.43866744428,1.633571428571431,0.00017264718719189957,-1.9289511075814785,0.7972250632179749,0.43591224820554375,-1.646482994087356,-0.09806530862933768,82545889.0,-0.0017520006167403013,-9.579999999999998,-0.03546682491239961,-3.349757301658073,103.47324357701358,89.39842308965306,28.127796435894382,A,2020-12-31
,,,,,,,,,,,,,,,,,0.012055079269832968,1497714.6,531725.1833333333,29035.514202973805,1.6585714285714306,0.0001704074289429722,-2.043137780958653,0.8488663499690668,0.3930961742247516,-1.6358568528891129,-0.08272783890388206,83308489.0,-0.0018032285594743458,-7.969999999999999,-0.0330106133951501,-3.418152077834179,103.64217124587468,88.96382875412529,30.70857671512546,A,2020-12-31
,,,,,,,,,,,,,,,,,0.011750450885005967,1494153.5,-88537.68333333335,24727.760783278383,1.643571428571431,0.0001714199176174972,-2.0692291508770873,0.8495466872009929,0.4482588091490457,-1.6541076021091006,-0.0992673614694045,83462261.0,-0.0018566140117038943,-9.61999999999999,-0.037813052946780945,-3.506564398069898,103.83950279118474,88.44583054214857,30.757155149484575,A,2020-12-31
,,,,,,,,,,,,,,,,,0.010429997120635248,1546588.5,811763.1333333333,46448.7712170498,1.6592857142857167,0.00016823687556706936,-2.506630631350605,1.0206251961897603,0.5138743069980299,-1.712817034953007,-0.12897992293652402,84842212.0,-0.001914508524211822,-12.719999999999999,-0.040224697413538624,-3.6219705148917143,104.03961704006241,87.82171629327092,28.442680647853308,A,2020-12-31
,,,,,,,,,,,,,,,,,0.01051000757385583,1556954.2,-70846.68333333335,41992.54260627157,1.759285714285717,0.00017350751322119126,-2.2919118280723905,0.7808953889873568,0.45420402960641176,-1.660282109937788,-0.1107714256598389,85264541.0,-0.001971322302224965,-10.86999999999999,-0.039699631946581104,-3.6854494324445,104.13941115283977,87.3595888471602,30.41347747778852,A,2020-12-31
,,,,,,,,,,,,,,,,,0.008942268647826705,1577969.2,391455.06666666665,50562.540007103235,1.8150000000000028,0.00017041057443790777,-2.84768298923437,0.9515136312572229,0.5225148552775923,-1.7018059307386648,-0.12899979875226397,84908696.0,-0.0020280502762375363,-12.819999999999993,-0.041402782056987775,-3.758432425582967,104.19819555209575,86.8734711145709,32.9046053354015,A,2020-12-31
,,,,,,,,,,,,,,,,,0.012171983137301738,1570322.65,-253400.8833333333,40344.09957668907,1.6950000000000023,0.0001890162829065606,-1.9498240877502435,0.7561409535296933,0.5936011625375375,-1.5804686061490434,-0.10361445783132524,84822593.0,-0.002076171880008304,-10.319999999999993,-0.057659208261617856,-3.744581170514479,104.10737959574546,86.62028707092121,34.8184589310155,A,2020-12-31
,,,,,,,,,,,,,,,,,0.012216118143813922,1524141.35,-166195.05000000005,33250.06708522816,1.6028571428571456,0.00018931873408599306,-1.9631442547883844,0.7811723292397371,0.6330281304365405,-1.5932729475003058,-0.1139911929543635,84702423.0,-0.0021182137668066536,-11.39,-0.04924488146858319,-3.7476250176685966,104.0092607896056,86.33873921039441,34.996638139098906,A,2020-12-31
,,,,,,,,,,,,,,,,,0.012244943358357095,1551532.1,360851.9833333334,41745.486338889925,1.6550000000000022,0.00018891378321432106,-1.9148523823973003,0.8047788956382548,0.6422130787674275,-1.597701337921191,-0.11597090764172562,85433341.0,-0.002153717150682133,-11.64,-0.03829756547825092,-3.7396859274803944,103.86220693296454,86.09779306703547,38.54371423829038,A,2020-12-31
,,,,,,,,,,,,,,,,,0.012194314257251414,1452928.6,62895.733333333395,41313.24461076246,1.6121428571428587,0.00018821328591481077,-1.9106570584592357,0.8207548926206165,0.6346794890942246,-1.596292819405168,-0.11275397304365327,85717156.0,-0.002184341708102,-11.210000000000008,-0.04916729577013712,-3.7417801882942996,103.76659447696692,85.81973885636641,35.45772438393834,A,2020-12-31
,,,,,,,,,,,,,,,,,0.01182306055411596,1436648.6,-520022.6000000001,24314.818607743597,1.6185714285714303,0.00018755594938041286,-1.916888657918335,0.8315448794495447,0.6210128603862559,-1.5930511784899566,-0.1083164300202839,85249356.0,-0.002210873017975512,-10.679999999999993,-0.05819185927592552,-3.7466900032047192,103.70437762357665,85.52595570975669,37.666279833548174,A,2020-12-31
,,,,,,,,,,,,,,,,,0.011818429121755925,1394255.15,-356850.91666666674,12771.033322710777,1.7157142857142864,0.00018773453380397861,-1.9416484858765006,0.8409458995057171,0.6392354469820494,-1.5985641435387223,-0.1129146799228974,84365395.0,-0.002234523638770969,-11.129999999999995,-0.05785588050852286,-3.7595190525719175,103.64399078944157,85.21534254389175,37.676587234391796,A,2020-12-31
,,,,,,,,,,,,,,,,,0.010805139936501607,1403763.4,135365.33333333326,16193.225008876063,1.8550000000000009,0.00018759519820807166,-2.040026181589151,0.843404667953374,0.6365036379020818,-1.5979367447481039,-0.11201878893086911,84962380.0,-0.0022563235851625896,-10.970000000000013,-0.06519222256274038,-3.7796401378711977,103.61272347747307,84.88094318919359,35.41701841413942,A,2020-12-31
,,,,,,,,,,,,,,,,,0.01048275086136886,1397452.45,99054.6499999999,18444.62620282243,2.0242857142857154,0.00017655522081416508,-2.0741787208738667,0.9802104648230345,0.7613171346719143,-1.6236638918175321,-0.09491276014294725,85256781.0,-0.002278166981356411,-9.030000000000001,-0.0649942467844653,-3.816846761950572,103.69124651011927,84.50142015654743,35.404534310006895,A,2020-12-31
,,,,,,,,,,,,,,,,,0.010715745879981321,1475113.1,1058076.4333333333,47765.50220591226,2.1685714285714295,0.00017192575324632395,-2.0959651061654134,1.254460274914674,0.8448703147797445,-1.6840336489508794,-0.12195373812474186,85994194.0,-0.002302257453735912,-11.810000000000002,-0.08365571141835138,-3.876225625194678,103.74669140892831,84.0523085910717,38.599572289200836,A,2020-12-31
,,,,,,,,,,,,,,,,,0.016907708712977094,1488937.15,-13201.933333333349,44362.26571931504,2.1314285714285726,0.0002130340682754616,-1.1786716126487493,3.907321961160327,1.4650313066933232,-1.4816772732224486,-0.09865515857085506,85411676.0,-0.002314080921198225,-9.829999999999998,-0.05928117466578997,-3.79135804727575,103.52125299999435,83.950080333339,39.02887960422909,A,2020-12-31
,,,,,,,,,,,,,,,,,0.016878243388306947,1526322.15,387858.7333333334,52603.57364614075,2.1271428571428594,0.00018611265145405915,-1.1695296805153808,5.061199283141067,1.5121583905878389,-1.6321132337137594,-0.13198607619415978,85766476.0,-0.0023151927455768995,-13.650000000000006,-0.05714236074915757,-3.7090372905703077,103.00842856611953,84.0079047672138,36.96567039126741,A,2020-12-31
,,,,,,,,,,,,,,,,,0.01689467401182972,1544474.3,364555.7666666666,59775.8333843071,2.0907142857142875,0.00018022952570875023,-1.1403417637890203,5.279589597800574,1.5402886091240842,-1.6237365390264915,-0.10710047468354428,86411474.0,-0.0023054267099404946,-10.829999999999998,-0.07045142464812915,-3.613428396851205,102.64949333472815,84.00583999860517,39.42441208895826,A,2020-12-31
,,,,,,,,,,,,,,,,,0.016894547266264107,1616096.85,1375047.45,95570.25451322552,2.1192857142857164,0.00017989926926166154,-1.1407177818680156,5.245768917643386,1.5151276768854383,-1.615385742228434,-0.09998008364867562,88179153.0,-0.0022859670947218413,-10.040000000000006,-0.0543284365162644,-3.5177930245455684,102.32337698921273,83.99728967745392,41.12165114496914,A,2020-12-31
,,,,,,,,,,,,,,,,,0.016873471626768662,1652086.85,735159.3,111060.28896919126,2.0592857142857164,0.0001813587301450628,-1.0963220744595674,5.010415743070671,1.4523381800050161,-1.5920573313485287,-0.08768768768768774,89540442.0,-0.0022560195723686505,-8.760000000000005,-0.07523160047062583,-3.4033993217657468,102.01832443834965,84.01034222831703,40.25998210199516,A,2020-12-31
,,,,,,,,,,,,,,,,,0.016891614731983688,1664371.35,-112080.05000000005,101389.84984360193,2.047857142857144,0.0001809867278778437,-1.097229229904901,5.030004040013277,1.4519241647714776,-1.5916151693182843,-0.08614421329024441,89686203.0,-0.002219015274808389,-8.530000000000001,-0.0525026661510154,-3.31157788883624,101.75903154381186,83.98530178952149,37.44276547502869,A,2020-12-31
,,,,,,,,,,,,,,,,,0.016907152545611356,1652508.6,177997.53333333344,100797.91032299865,2.0635714285714295,0.00018063966909329018,-1.111483773879627,5.102809834998748,1.4759841500408037,-1.5997663931614134,-0.09100976542837,90296848.0,-0.002176610026859427,-9.039999999999992,-0.0724676414465365,-3.2280183382082015,101.46842532904382,83.97457467095619,37.42527334447532,A,2020-12-31
,,,,,,,,,,,,,,,,,0.01666538736325145,1711495.55,953609.2166666666,122652.38839710667,2.064285714285716,0.0001795398723740388,-1.1035682076224897,5.155917141048579,1.4716160252180945,-1.5974964716006552,-0.08572300183038445,91717787.0,-0.002130752348737497,-8.430000000000007,-0.07134002191085731,-3.157268675989698,101.23109430731408,83.9309056926859,37.03775622530869,A,2020-12-31
,,,,,,,,,,,,,,,,,0.016893388945091764,1719934.35,845279.05,140158.7056319269,2.1200000000000014,0.00018452772600728858,-1.0998096821826862,4.862330336957365,1.4175320446467037,-1.5906792731636643,-0.09692622950819667,92957817.0,-0.0020870431326303063,-9.459999999999994,-0.07042803582586965,-3.1376451180440768,101.04611173386277,83.80055493280392,34.64704712935463,A,2020-12-31
,,,,,,,,,,,,,,,,,0.016985947119893055,1747857.9,348746.96666666656,142391.77697275928,2.155714285714286,0.00018679770303792128,-1.1888466254429144,4.865274092750588,1.4540912839591202,-1.6097919979494422,-0.11810783316378433,93597182.0,-0.0020491959908297552,-11.61,-0.0650054266008473,-3.1561737399081693,100.83722431713478,83.62244234953188,34.45543950601002,A,2020-12-31
,,,,,,,,,,,,,,,,,0.016940737157057805,1753407.9,349492.71666666656,144506.37493960094,2.1114285714285725,0.00018686967702624023,-1.1857062146321162,4.8636548263424535,1.455338143626295,-1.6102050756264699,-0.11863366741664956,94086437.0,-0.0020175538681805882,-11.599999999999994,-0.05909363851506466,-3.183325345997474,100.65787416786773,83.41512583213228,32.342654842418455,A,2020-12-31
,,,,,,,,,,,,,,,,,0.015233158908388455,1854063.25,1599598.45,181734.86962421844,1.9385714285714297,0.00018665120264250672,-1.4236647184597098,4.900815399079409,1.4666871936180494,-1.6141006677061058,-0.12076357697019191,94429053.0,-0.0019910290677647158,-11.829999999999998,-0.04580671022088212,-3.2054009557537313,100.4507399324798,83.22792673418688,35.79832779345648,A,2020-12-31
,,,,,,,,,,,,,,,,,0.015387464292673484,2044957.95,3438676.6833333336,269223.29829761526,1.9500000000000008,0.00018875447125292027,-1.4254771991554138,4.8240029613002084,1.47890562483732,-1.620041570366158,-0.1316165951359084,97483759.0,-0.0019718159916364275,-12.879999999999995,-0.048374844482725665,-3.253856578783072,100.26765302019913,82.98168031313418,32.176840110306344,A,2020-12-31
,,,,,,,,,,,,,,,,,0.018686593862475114,2084545.9,941984.25,279194.83472075127,1.815714285714287,0.00022639415706928568,-1.3130406023552286,4.399988261249868,0.7325418160870586,-1.530426934579518,-0.17187980719926166,98070945.0,-0.0019704725742627494,-16.760000000000005,-0.028439372220384396,-3.4136660529688356,100.29257035911311,82.39809630755357,31.783632903451604,A,2020-12-31
,,,,,,,,,,,,,,,,,0.01903854285967027,2147382.95,1083892.65,292863.11516250926,1.8435714285714297,0.00023007201372887004,-1.2421541717175621,4.133366431976309,0.686260395846602,-1.5035045245380656,-0.16082982438122637,99861801.0,-0.0019806504612718268,-15.66000000000001,-0.015223940050290152,-3.5291596509628533,100.22814952042287,81.94051714624376,35.03234581606216,A,2020-12-31
,,,,,,,,,,,,,,,,,0.01909986583567555,2207302.95,419696.6499999999,286695.67198326904,1.8764285714285722,0.0002256395826123128,-1.2212298205680059,4.428276696127027,0.7199984407523681,-1.5306225528887476,-0.17009213323883768,100770201.0,-0.001998989146961172,-16.799999999999997,-0.019300305673600193,-3.6234370500244353,100.01941262369691,81.58925404296976,37.28594572186064,A,2020-12-31
,,,,,,,,,,,,,,,,,0.01982288307099276,2258641.0,383866.46666666656,279959.68500126665,1.9171428571428575,0.00023355579794711383,-1.110912336298687,3.923074361395115,0.6425301835272272,-1.4693873184264936,-0.14309126293147598,101528012.0,-0.0020185034172480742,-13.969999999999999,-0.026687302293396664,-3.6575414374389794,99.79098917662851,81.35201082337149,40.73043158780208,A,2020-12-31
,,,,,,,,,,,,,,,,,0.020457520610937325,2407552.2,2780951.65,342851.3808431467,1.8214285714285714,0.0002398261681052425,-1.123506715562316,3.6632598977029183,0.6089518512614256,-1.4620188818858533,-0.1527518172377985,104920641.0,-0.0020442527239816766,-14.709999999999994,-0.025022956841138755,-3.7425877658455278,99.70709327990193,80.94557338676475,39.21889325349959,A,2020-12-31
,,,,,,,,,,,,,,,,,0.020407849383860456,2445849.25,514180.03333333344,336798.9383173606,1.894285714285714,0.00023779823182074912,-1.100791656527963,3.798010645087453,0.63710881236183,-1.4770048590083582,-0.15956351657401688,106305718.0,-0.002074221747285887,-15.5,-0.023773493255613953,-3.8144446886623626,99.53874839990175,80.59725160009825,39.16669758328297,A,2020-12-31
,,,,,,,,,,,,,,,,,0.020590443944840088,2454528.6,863688.55,341496.8883536735,2.038571428571429,0.0002401337897946837,-1.1045951193104453,3.752676746880633,0.6894392010169941,-1.4963882142708014,-0.180200449989773,108072687.0,-0.0021111287973339943,-17.620000000000005,-0.0277124622102789,-3.917404136001011,99.36430504935672,80.18436161730995,38.654901739833505,A,2020-12-31
,,,,,,,,,,,,,,,,,0.015217539568944918,2497959.5,457674.75,334417.71177022904,2.1100000000000003,0.00024014094268234764,-1.6920107032528604,3.753829642466098,0.6910502933821223,-1.4968954486225408,-0.18060543868650597,109276155.0,-0.0021537477393499538,-17.60000000000001,-0.023571016889690988,-4.015742133895415,99.19185480361814,79.77014519638185,41.05791879434805,A,2020-12-31
,,,,,,,,,,,,,,,,,0.0160736749918657,2491674.5,-141890.18333333335,310775.3255028345,2.142142857142857,0.00024654354302005465,-1.5451851189517978,3.417044763217198,0.6603443929619544,-1.4632471995179877,-0.16978240882623358,110009411.0,-0.00219596516299414,-16.620000000000005,-0.019410711358276767,-4.06062491211253,98.88725775129271,79.52074224870728,42.673977485920695,A,2020-12-31
,,,,,,,,,,,,,,,,,0.016174801345556492,2514187.55,396921.6166666667,304536.06142295734,2.079285714285714,0.0002509261803045588,-1.6127676408185476,3.2553746836849085,0.6749726044678073,-1.4667393406677878,-0.18271301138111357,111485183.0,-0.0022414113817027514,-17.820000000000007,-0.02501791709101886,-4.1406925145335975,98.64444149043605,79.16955850956394,40.798746527185024,A,2020-12-31
,,,,,,,,,,,,,,,,,0.016206406151787228,2431482.55,-654090.9666666666,268159.35538805556,2.079285714285714,0.000246803222920714,-1.6595312212495457,3.5352157000837106,0.7547742916668515,-1.512013448998337,-0.2077908971641942,110681458.0,-0.002292028336216889,-20.590000000000003,-0.015752090732042756,-4.243170850174039,98.29272937513042,78.83493729153625,39.48016340625441,A,2020-12-31
,,,,,,,,,,,,,,,,,0.015801175982069763,2435287.55,446379.03333333344,265850.3802874463,2.0842857142857136,0.00023715739950291314,-1.7540946263425126,3.90170331916105,0.8015037871369983,-1.5209968192496939,-0.1916329284750337,111433258.0,-0.002347664890557488,-18.459999999999994,-0.0024220670029749813,-4.349716369224495,98.15214639594382,78.3601869373895,39.20543091565679,A,2020-12-31
,,,,,,,,,,,,,,,,,0.016009008587039568,2439958.05,-377999.8999999999,239858.6729820508,2.1985714285714275,0.00024133633889309328,-1.7692105776873281,3.7342215131960668,0.8125075982677882,-1.5239818707864825,-0.20389867611800272,111245994.0,-0.002410692542470394,-19.560000000000002,-0.021436575241296718,-4.48457686487798,98.08320010611735,77.77713322721601,37.53095153613506,A,2020-12-31
,,,,,,,,,,,,,,,,,0.01629574086516616,2433580.8,-305868.0,217819.43149265833,2.0364285714285706,0.0002434996411370944,-1.804018511406771,3.775338008657608,0.8652448379621381,-1.5555373621403172,-0.23213182286302775,111676080.0,-0.00248390574851054,-22.539999999999992,-0.017373947422468783,-4.654176417526628,97.99139116969897,77.11760883030104,37.62789458685664,A,2020-12-31
,,,,,,,,,,,,,,,,,0.016287963046498297,2390398.85,-246749.30000000005,198997.54745948524,2.0935714285714275,0.00023999988550621487,-1.8063704678859753,3.909785788991198,0.8517025274433149,-1.5519448737413604,-0.2213011542497377,111920958.0,-0.0025652014447711258,-21.090000000000003,-0.05199932795698936,-4.81410240507013,97.9933536958415,76.41264630415847,39.19026148655544,A,2020-12-31
,,,,,,,,,,,,,,,,,0.018633997271344935,2360430.05,-80450.96666666656,186391.26837147586,2.1607142857142847,0.00025287944754740405,-1.4375368022792523,3.6008151035908598,0.903381278099551,-1.498970645293696,-0.21188444535828108,112539058.0,-0.0026444644771680403,-20.61,-0.0476925587057746,-4.885312177131212,97.65842927837417,76.06057072162585,38.92851456962729,A,2020-12-31
,,,,,,,,,,,,,,,,,0.01992483093680233,2385465.05,512640.94999999995,191975.1368118308,2.2742857142857127,0.0002602934955437496,-1.235689618040007,3.19122445269037,0.8598009679110898,-1.4235827549753504,-0.16970783672608378,113805543.0,-0.002714476172684832,-16.090000000000003,-0.052972813904854865,-4.885701121155549,97.3862633841611,75.79640328250555,41.1125193511216,A,2020-12-31
,,,,,,,,,,,,,,,,,0.0215709461994367,2382382.0,-48647.3666666667,181120.80655949982,2.242857142857141,0.0002758921795751151,-1.2240416631904398,3.138819217470246,0.7152419960790088,-1.4440138496235302,-0.21942892613283668,114275182.0,-0.0027851835253532853,-21.209999999999994,-0.05140825555177664,-4.972354186102834,97.08055679611704,75.39510987054965,41.403909322847305,A,2020-12-31
,,,,,,,,,,,,,,,,,0.021872684706741422,2288502.7,-608466.2,154932.83001884026,2.183571428571427,0.00027943505087352157,-1.1815913656424681,2.950237961354174,0.6705996130400599,-1.4210613918076314,-0.20861442656979756,114257772.0,-0.0028526843023604087,-20.099999999999994,-0.051966434132039274,-5.022672190881167,96.71665380101955,75.08901286564712,41.25789721452231,A,2020-12-31
,,,,,,,,,,,,,,,,,0.021802597769217637,2118047.4,-241415.56666666665,140775.824361654,2.108571428571427,0.0002795635508443063,-1.169807791720695,2.9536586684257227,0.679744678228259,-1.4238571061521479,-0.21110185378046237,113742934.0,-0.002917651301286406,-20.269999999999996,-0.050475881874555206,-5.076405082979832,96.35960348538957,74.77039651461045,39.25106061214179,A,2020-12-31
,,,,,,,,,,,,,,,,,0.01919117250929899,2094113.8,187764.06666666665,140153.54830062645,2.075714285714284,0.0002796083131224395,-1.2220030539635351,2.9525345662392084,0.6803678141526338,-1.4240193495929336,-0.21132234009032655,114603836.0,-0.0029811398885813967,-20.11999999999999,-0.0490263722784422,-5.137770245321846,96.05547948958397,74.40385384374935,39.71863464306163,A,2020-12-31
,,,,,,,,,,,,,,,,,0.018886009160976908,2074071.0,455939.1499999999,146492.31626354647,2.0242857142857127,0.0002795582771363829,-1.2704022880397723,2.9265998008421876,0.6508676065073817,-1.4142903286333148,-0.20345448765497512,113487651.0,-0.003041807040200739,-19.200000000000003,-0.04316829894579277,-5.1850273162703076,95.77145162262042,74.04788171071291,39.3620462331941,A,2020-12-31
,,,,,,,,,,,,,,,,,0.019088504133667795,2111518.1,929652.1166666667,166393.67632793658,1.9957142857142844,0.0002809075725764965,-1.314741797964688,2.8835077864598677,0.6489319612626601,-1.4137631032336502,-0.20579366788714193,115109393.0,-0.0031030844401563895,-19.11,-0.03470017118141311,-5.261923123098569,95.62401382853652,73.55831950479678,36.920257562584965,A,2020-12-31
,,,,,,,,,,,,,,,,,0.021953221035294533,2091690.4,-235416.18333333335,151228.81843100465,2.0621428571428555,0.0003271891952771046,-1.0783420742473864,2.48521216859314,0.8118058417266787,-1.2649342337389669,-0.16698966408268726,114891731.0,-0.0031525533486254087,-15.509999999999991,-0.08992440831879656,-5.22250724965204,95.3021342258091,73.36319910752424,38.70081316947778,A,2020-12-31
,,,,,,,,,,,,,,,,,0.022463248142513444,1930881.1,-600622.5666666667,126613.84749850235,2.0799999999999983,0.00033551922427467375,-0.936067509808395,2.1677436476834244,0.7462654233021224,-1.2020415263313675,-0.12283603484397398,114843934.0,-0.00318437041677444,-11.14,-0.09268129664698688,-5.116908779011126,95.05569924977486,73.23830075022512,38.90845536589669,A,2020-12-31
,,,,,,,,,,,,,,,,,0.022548780609925306,1915049.0,49849.766666666605,122433.85658473056,2.0992857142857133,0.0003334007930645289,-0.956175260369207,2.2135532737163928,0.7432013684216733,-1.2006410964160958,-0.11774591082231688,115167014.0,-0.0032029215789178833,-10.510000000000005,-0.10145703350930957,-5.035333812246179,94.884086431737,73.05958023492964,38.58592323590571,A,2020-12-31
,,,,,,,,,,,,,,,,,0.02269533031357212,1917862.95,772010.7833333334,139840.48655943596,2.0021428571428563,0.00033956651526682104,-0.9576213488608972,2.1110080643901257,0.7672355812806381,-1.21083672577249,-0.1383359427421159,116950093.0,-0.003214732532237252,-12.370000000000005,-0.10644869808954793,-5.001674042184447,94.726517411,72.80481592233332,38.18825643608839,A,2020-12-31
,,,,,,,,,,,,,,,,,0.023353530789946626,1936430.75,675857.5333333334,153676.69818258216,2.056428571428571,0.0003493683050562254,-0.8728905124832461,1.8326170057357907,0.7294636532103816,-1.178116919536366,-0.12333185053380787,118466548.0,-0.0032146264118437795,-11.090000000000003,-0.11765172018628245,-4.913047532339235,94.49344105764183,72.66822560902483,40.53656862829194,A,2020-12-31
,,,,,,,,,,,,,,,,,0.024040873556063137,1928519.65,-448794.1000000001,134377.59453437035,2.087857142857142,0.00036556344042393805,-0.9540438069478795,1.6032351240113172,0.6837521539267607,-1.1770130497618037,-0.14887201250837628,118930326.0,-0.0032119510128099105,-13.330000000000013,-0.11569725322626201,-4.899305066477311,94.32041802164487,72.39691531168846,38.1982975017047,A,2020-12-31
,,,,,,,,,,,,,,,,,0.02465790958966863,1935767.4,401819.91666666674,141112.8956227724,2.0907142857142844,0.0003808429064326687,-0.8348391870340647,1.2613318831346922,0.6252743539398508,-1.126255406910567,-0.12195942158950786,119888585.0,-0.003199882788373465,-10.879999999999995,-0.11741794956990448,-4.819465810451547,94.10525240062367,72.24941426604298,38.68724566116414,A,2020-12-31
,,,,,,,,,,,,,,,,,0.024869943295377672,2011387.4,683344.3999999999,155772.7100446273,2.1749999999999994,0.00038663417580157036,-0.8392958771744501,1.1960934165116175,0.653526491532499,-1.1364853742518728,-0.14130556488635096,121179336.0,-0.003184483538710592,-12.620000000000005,-0.11777209308073511,-4.7860307190054385,93.9005678423247,72.03343215767532,38.47909965306944,A,2020-12-31
,,,,,,,,,,,,,,,,,0.02596385928801241,2019107.85,422514.91666666674,162086.01448907144,2.309285714285714,0.00040376784071752655,-0.8552743077873255,1.016576467529444,0.6106513782746354,-1.1350290867352317,-0.16520072169598563,122129645.0,-0.003174002481964533,-14.650000000000006,-0.10450230693593521,-4.824532300199394,93.79091974590543,71.65474692076123,36.23371690337322,A,2020-12-31
,,,,,,,,,,,,,,,,,0.025683972533680495,2060904.5,256955.03333333344,163519.4158314215,2.449285714285714,0.0004044067719562546,-0.8184168331546625,0.9806715368023963,0.5821352555437675,-1.1251106142657328,-0.1560549313358302,123304678.0,-0.003165940678227952,-13.75,-0.09347483369861964,-4.844003689719344,93.67681619827593,71.31051713505741,33.21507888427567,A,2020-12-31
,,,,,,,,,,,,,,,,,0.027793202625875254,2085766.95,-4636.449999999953,157214.48681678437,2.5049999999999994,0.0004459804522918411,-0.8089909347152932,0.9145266673548639,0.4016706735829527,-1.1155326996625472,-0.2031232318660179,123437127.0,-0.003171546065987574,-17.950000000000003,-0.0931899641577063,-4.967761549232861,93.69409140025793,70.69490859974208,33.46912613245151,A,2020-12-31
,,,,,,,,,,,,,,,,,0.028531016030818028,2096852.5,-225937.96666666656,145125.25699618668,2.6385714285714283,0.00045965306535959466,-0.7333068983273969,0.6984162705608987,0.3400442995791121,-1.0686724704190327,-0.17184098980410126,123974938.0,-0.003181822241034804,-15.0,-0.09712708180141116,-5.0216802726338585,93.64393902754858,70.24506097245143,35.19212391717447,A,2020-12-31
,,,,,,,,,,,,,,,,,0.029096681250761734,2115772.5,108221.03333333344,143295.4547186282,2.6585714285714284,0.000488893649522708,-0.8558914694469278,0.5562240713288311,0.24997031308826737,-1.0593575270088444,-0.19767171129220026,123922738.0,-0.0032057245779051335,-16.980000000000004,-0.09015846865929245,-5.160721044377468,93.78549264380852,69.53750735619145,35.19817862527235,A,2020-12-31
,,,,,,,,,,,,,,,,,0.029922238630858446,2086408.6,-251121.8500000001,131376.2629840707,2.673571428571428,0.0005132127981512543,-0.8117174608276309,0.41439060799402255,0.28492606645765456,-1.0167797410055885,-0.17923447169378867,124394631.0,-0.00323141221446277,-15.64,-0.04563811489508096,-5.204749012893927,93.70635602440866,69.09531064225801,37.40002808647986,A,2020-12-31
,,,,,,,,,,,,,,,,,0.028859877171891733,2067921.8,-581700.8999999999,110613.96565691265,2.6771428571428575,0.0005179528411146454,-0.7442300001320478,0.3373549065852728,0.23789300024292584,-0.9955054111354256,-0.16046672828096117,124074234.0,-0.0032542405678877007,-13.89,-0.05992398591223691,-5.20822594447624,93.60200427189963,68.73666239476702,39.40242603422353,A,2020-12-31
,,,,,,,,,,,,,,,,,0.029141674293103832,2094620.3,-249262.08333333326,101134.18231893564,2.740714285714286,0.0005052737723638922,-0.7967796291561554,0.47316236298131953,0.29843365959601165,-1.0491747243197331,-0.20575716845878142,124743725.0,-0.003279297758139954,-18.370000000000005,-0.0666537893267184,-5.254567357899646,93.38778242472529,68.33855090860806,39.59290810778997,A,2020-12-31
,,,,,,,,,,,,,,,,,0.03065392011824849,2175280.3,1154738.1166666667,133326.27957688482,2.9085714285714284,0.0005358767188169759,-0.6821391407391767,0.24855815555261596,0.2800806318896835,-0.9841970705559604,-0.16728792499717612,126765713.0,-0.0032962307494543985,-14.810000000000002,-0.08880853720083937,-5.209822114418884,93.11002636820986,68.1226402984568,42.43947550030001,A,2020-12-31
,,,,,,,,,,,,,,,,,0.03373530093901933,2201796.1,501325.3999999999,144556.702805751,3.286428571428572,0.0005977755957266335,-0.701813730158322,0.3243357695715499,0.10232823857490882,-0.9770339188363514,-0.22235996844359296,127609116.0,-0.0033205786274176363,-19.730000000000004,-0.06997725756152051,-5.296288526180291,92.94995518003698,67.62504481996301,39.20165196821229,A,2020-12-31
,,,,,,,,,,,,,,,,,0.03417931338478034,2227871.95,719141.7000000002,161593.07369121048,3.402142857142858,0.0006082346485908222,-0.736657342379455,0.23275501696862766,0.12973481088720404,-0.9842247909419012,-0.24044892869289192,128986518.0,-0.003356475317247032,-21.209999999999994,-0.07552806358538833,-5.425904953972477,92.87788420471574,66.99011579528425,40.5625839287191,A,2020-12-31
,,,,,,,,,,,,,,,,,0.03579698866201167,2234953.1,805173.6166666667,180532.64039949398,3.5807142857142864,0.0006496998349573453,-0.7526574902432327,0.09475239431483311,0.08922550174239943,-0.9855758720679616,-0.2792311191992721,131075483.0,-0.003412495421132644,-24.550000000000004,-0.06427769461077848,-5.641720265749257,92.98367428963452,66.06599237703215,40.6596823470162,A,2020-12-31
,,,,,,,,,,,,,,,,,0.03577040297145578,2313903.1,1037034.5,205427.0648034173,3.834285714285716,0.00069807683683408,-0.7536690816632154,-0.04171729947546211,0.12264322246212218,-0.9166094991890011,-0.23993595608417206,133284690.0,-0.003473878077577597,-20.980000000000004,-0.06530299867807687,-5.744646244622402,92.88530122900846,65.46503210432488,40.61156284410289,A,2020-12-31
,,,,,,,,,,,,,,,,,0.034803411867722296,2419773.15,1178108.5166666666,233026.2052767775,3.834285714285716,0.0006987181176306373,-0.8302201581578134,-0.04564431774218847,0.1321057379027733,-0.9193685853636734,-0.24379024839006427,135164129.0,-0.0035405621306047186,-21.19999999999999,-0.08693586535963804,-5.851684827183007,92.80583702358759,64.8378296430791,37.83193112664189,A,2020-12-31
,,,,,,,,,,,,,,,,,0.03699610753557713,2527503.15,1827766.2000000002,277968.19423116837,3.9171428571428573,0.0007424100899801222,-0.7035066135814809,-0.1878029517554523,0.1314314807244647,-0.8569978350679566,-0.2002090349552897,137768028.0,-0.0036000501287462017,-17.239999999999995,-0.07284392032227927,-5.853438588217998,92.61746310548718,64.45153689451281,38.7666513097192,A,2020-12-31
,,,,,,,,,,,,,,,,,0.0373431505852107,2558539.0,1031585.8166666669,296661.5982415164,4.192142857142858,0.000752213328678257,-0.6375416164113391,-0.2597133918997306,0.07806722187884689,-0.8299203318466115,-0.1715864988827473,138618611.0,-0.0036470186494572676,-14.590000000000003,-0.06140481245576779,-5.802144721558889,92.42183140732965,64.160835259337,42.828922043774966,A,2020-12-31
,,,,,,,,,,,,,,,,,0.04135440445131556,2663164.5,2376958.4166666665,353554.4082699963,4.39357142857143,0.0008150060459850774,-0.7119409959359261,0.4113965828728204,-0.3136947068229682,-0.8824247883145315,-0.28593697806480356,141951095.0,-0.0037029600213444036,-25.680000000000007,-0.05871252657563186,-5.927363884536007,92.12961343792273,63.5970532287439,42.11138233161421,A,2020-12-31
,,,,,,,,,,,,,,,,,0.04538092928663991,2749555.6,871283.4166666665,363146.9683635612,4.497142857142858,0.0009331445360754716,-0.5250483899046324,0.6420725241478584,-0.022982929262459345,-0.7812994414132078,-0.22914113846496595,143394995.0,-0.0037482812575800883,-20.569999999999993,-0.04283240946852307,-5.889682923257837,91.61041004530372,63.4305899546963,45.17405422899818,A,2020-12-31
,,,,,,,,,,,,,,,,,0.04804590277587051,2882307.45,2610912.533333333,422806.4306624895,4.7042857142857155,0.0010368622417418973,-0.6117978082959977,0.580045904704755,-0.14197740110646426,-0.7874238878698714,-0.297596633071215,146645248.0,-0.0038025540148809434,-26.870000000000005,-0.023746721506914703,-6.012216169287825,91.21955414450923,62.92577918882409,41.75897003471708,A,2020-12-31
,,,,,,,,,,,,,,,,,0.052394368665917,2996452.45,2506125.8666666667,475255.34805763,4.837142857142859,0.0011739559741784163,-0.459484971435483,0.6584988148385865,0.08096910917218351,-0.6989329307796374,-0.23832706350962596,148786448.0,-0.0038449060253396006,-21.539999999999992,-0.021152435281258763,-5.961895637256532,90.57726757178875,62.85006576154459,43.39204631794922,A,2020-12-31
,,,,,,,,,,,,,,,,,0.05369263620242598,3050417.0,1035695.8666666667,481513.80740243336,4.968571428571431,0.001238062729503722,-0.3610185942045041,0.45267344468355797,0.10041715307118623,-0.6565754565546261,-0.20002194426157563,150096248.0,-0.003862521414545128,-18.230000000000004,-0.05379453285792968,-5.790885239461048,89.77751887856377,63.04214778810289,46.34457471299581,A,2020-12-31
,,,,,,,,,,,,,,,,,0.054103600646484895,3164725.35,2043004.0333333332,516982.6027940982,5.0464285714285735,0.001249568009423774,-0.38977444555273694,0.3973270837262245,0.12456773168635683,-0.6641512437372885,-0.2181456514531992,153311758.0,-0.0038657364744074663,-19.739999999999995,-0.08136785794941293,-5.687096027014391,89.00312955142194,63.15853711524473,44.93451699138739,A,2020-12-31
,,,,,,,,,,,,,,,,,0.05804535755109923,3210088.55,383434.2333333334,502091.0163857131,4.875000000000004,0.001465712678821198,-0.22257581066533497,0.7927076488307333,0.40710081088677047,-0.564210445315663,-0.1299147192380109,154588726.0,-0.003829893958938957,-11.730000000000004,-0.04040939547897804,-5.360106630709495,88.27721775613308,63.49344891053359,47.59022975307365,A,2020-12-31
,,,,,,,,,,,,,,,,,0.05800591956753135,3234204.85,-251181.7333333334,469433.9485178492,4.651428571428574,0.0014766393698007257,-0.22476970636751836,0.7177526444233503,0.36967272105173204,-0.5498039713914535,-0.10510510510510514,154429124.0,-0.0037546813329618622,-9.450000000000003,-0.048943533697631936,-4.996907822398924,87.62496364772086,63.83070301894581,49.52004599145024,A,2020-12-31
,,,,,,,,,,,,,,,,,0.0572713079316704,3220789.85,-660364.1333333333,426735.8961120369,4.660714285714287,0.0015109806126987761,-0.1447449708947445,0.5481162747982754,0.3046467018525681,-0.5143498274609979,-0.04299977308826874,153939848.0,-0.0036335196179562157,-3.7900000000000063,-0.03951228456178957,-4.543853800085941,87.33174534865711,63.997587984676215,51.24792218709834,A,2020-12-31
,,,,,,,,,,,,,,,,,0.05836653733349864,3280545.25,433090.3666666667,418616.2099509728,4.678571428571431,0.0015448122834925784,-0.21651759959711314,0.4441554130593254,0.30570248873941475,-0.5219700804805972,-0.07348021686469033,155048378.0,-0.0034882651435421685,-6.3700000000000045,-0.02913540788091329,-4.23529186064026,86.92964565729095,64.18735434270907,48.9537448013203,A,2020-12-31
,,,,,,,,,,,,,,,,,0.058420042875989446,3376612.55,798576.8833333333,421731.642056772,4.587142857142859,0.001551642918105354,-0.21128496288742796,0.4001944695581933,0.27170811301995024,-0.5096388716581276,-0.048851241587375346,156538327.0,-0.0033181153220904758,-4.210000000000008,-0.02765583196606225,-3.897764158314857,86.64276312399528,64.33390354267138,46.456609968888415,A,2020-12-31
,,,,,,,,,,,,,,,,,0.05996195118606803,3472902.55,1136924.816666667,433992.21647495776,4.47857142857143,0.0016110626985716906,-0.23550303255793825,0.25932414770192425,0.2754154348214847,-0.5247331498500347,-0.1051898293277604,157120511.0,-0.003145072492937495,-9.060000000000002,-0.007683615819208955,-3.721532773801414,86.14568783370268,64.52897883296399,43.64174567938837,A,2020-12-31
,,,,,,,,,,,,,,,,,0.0594335750389462,3453513.5,297438.6000000001,419620.7990880194,4.423571428571431,0.0016089678504046378,-0.2670048415230542,0.2595816724456312,0.2532680233527956,-0.5175860142457537,-0.0888444339844669,154936824.0,-0.0029695306201094063,-7.549999999999997,-0.054090732842186906,-3.543645880572754,85.73524543430743,64.6877545656926,45.88709605944277,A,2020-12-31
,,,,,,,,,,,,,,,,,0.057228008133624504,3448407.6,-55413.16666666651,395666.96323997574,4.108571428571429,0.0015688229830801768,-0.21368284812016372,0.3655832463340943,0.22003744195069272,-0.4995258359539548,-0.032693498452012394,154886350.0,-0.002790793635837008,-2.6400000000000006,-0.08051539912005035,-3.355311116651876,85.61887611570214,64.71612388429787,46.527287892078334,A,2020-12-31
,,,,,,,,,,,,,,,,,0.056631278992661106,3443361.75,186231.7666666666,379970.41543848393,3.9442857142857153,0.001566545063221881,-0.19215155062812045,0.38145585004451366,0.2382779167605932,-0.5057576227485295,-0.046016399461510114,154906094.0,-0.0026112606413669637,-3.759999999999991,-0.07145679012345674,-3.181657783768159,85.4410900676081,64.76857659905856,48.56375237477075,A,2020-12-31
,,,,,,,,,,,,,,,,,0.05482392678233603,3439842.5,323942.1000000001,369314.1627423782,3.7164285714285725,0.0015842830830126876,-0.11923934211170108,0.2993023669698388,0.20565021029628597,-0.490552771052539,-0.017933390264730984,155726274.0,-0.002423626622267472,-1.4699999999999989,-0.04972600764294477,-2.9441561633845907,85.35719493081481,64.80347173585184,49.02396173089855,A,2020-12-31
,,,,,,,,,,,,,,,,,0.05512375452788616,3365047.0,-827677.5,325845.36374636274,3.481428571428572,0.0016307523706310773,-0.11132626708439661,0.16074127331267574,0.19593925364484122,-0.4685919637636556,0.016853932584269624,155412810.0,-0.0022149849501106322,1.4099999999999966,-0.06898459413364899,-2.5902427783050967,85.46659069930466,64.741075967362,50.90319762499772,A,2020-12-31
,,,,,,,,,,,,,,,,,0.05508000848086183,3320684.8,-13513.016666666605,307697.33720813645,3.3007142857142853,0.001620960038543454,-0.10964318719924025,0.19236696747103632,0.18133642892117058,-0.46331481103024014,0.03370511092045594,153426781.0,-0.0019933305056726303,2.75,-0.03401420052778115,-2.2813062223361698,85.65249854736098,64.64683478597235,50.88969233803663,A,2020-12-31
,,,,,,,,,,,,,,,,,0.054518403235361584,3351554.8,2143264.35,353507.9275500793,3.1885714285714277,0.0016228292603690019,-0.14316340334853078,0.18123990418021813,0.1667560697670948,-0.45834694061446735,0.045443410093091545,155882139.0,-0.0017594667018918653,3.7099999999999937,-0.05766912067180152,-1.9644112356888144,85.91159588108496,64.51140411891507,52.38968586961718,A,2020-12-31
,,,,,,,,,,,,,,,,,0.05461307707206789,3328142.0,272125.3500000001,341748.06516012596,3.012142857142856,0.0016173487935425214,-0.16979321140179607,0.1995465212039089,0.15463378742063755,-0.4543291228736793,0.057759481037924276,156090879.0,-0.001519752843192057,4.63000000000001,-0.034583677431506366,-1.6855942264610917,86.19865429528025,64.37867903805306,53.12898040891787,A,2020-12-31
,,,,,,,,,,,,,,,,,0.04925353577575924,3189273.0,-630859.4166666665,304413.55631166976,2.893571428571427,0.0016185855605054486,-0.08500014299243037,0.19038941399414613,0.13421829437216198,-0.447521048922153,0.07476518472135253,155777365.0,-0.0012740556766961397,5.969999999999999,0.00452894472210974,-1.3967070101951862,86.57281018957197,64.20352314376136,54.90201092689491,A,2020-12-31
,,,,,,,,,,,,,,,,,0.04709593132274523,3106028.0,-998401.0833333335,258996.9043795499,2.712857142857142,0.001614851138954377,-0.17715714874059862,0.21119042887062925,0.16170020015619235,-0.45710524408267067,0.05167958656330753,155682065.0,-0.0010272455437002614,4.200000000000003,0.004221206144283229,-1.1384744255385897,86.84332828044077,64.07300505289254,55.358920648735875,A,2020-12-31
,,,,,,,,,,,,,,,,,0.041602662969899576,2926488.0,-1117320.9500000002,212982.96925641503,2.5028571428571413,0.0016074752413116568,-0.10072625300014644,0.23571681634097785,0.1411089973676571,-0.45036789047928005,0.07176013047296467,154891257.0,-0.0007823573964965691,5.720000000000013,0.06632822114929482,-0.8999750578516768,87.17678803505132,63.93021196494868,54.94482132671995,A,2020-12-31
,,,,,,,,,,,,,,,,,0.038405735086337975,2754354.65,-1044165.1666666665,172532.25391245587,2.153571428571427,0.0016030648333291396,-0.22555416873670098,0.25109230165794083,0.12853727478408997,-0.44632472831605946,0.0839490445859873,155243890.0,-0.0005430034750424362,6.590000000000003,0.04366287022947679,-0.6885941664270518,87.52203916300998,63.804627503656704,54.8564972066969,A,2020-12-31
,,,,,,,,,,,,,,,,,0.03690850937903976,2680834.65,-516553.1666666665,150010.59731401876,1.9357142857142833,0.0016029734410566634,-0.3253051577333883,0.25141168635183553,0.1282229051083852,-0.4462254786495028,0.08424296905098243,155007190.0,-0.00031328918081385826,6.560000000000002,0.10094634681111736,-0.5116781652914284,87.83337236413348,63.71196096919986,52.83912565312241,A,2020-12-31
,,,,,,,,,,,,,,,,,0.03626054568255768,2523306.9,-1135333.9166666665,111289.97119342675,1.8621428571428555,0.0016001398539743537,-0.3108455825046054,0.26160100720044044,0.12427668996901771,-0.4448124506187615,0.08904019903103308,154978735.0,-9.864345991006385e-05,6.799999999999997,0.0639214682428868,-0.3839804142783265,88.09640745304986,63.67559254695012,53.33738272620276,A,2020-12-31
,,,,,,,,,,,,,,,,,0.0274920193008145,2417086.25,-1735480.5833333335,57889.763919962104,1.6392857142857136,0.0015934978058971627,-0.5746729874616309,0.2795333459653435,0.07493656882947358,-0.42756017877046365,0.13760729613733894,154258835.0,0.0001067915561838717,10.259999999999991,0.053193278595783156,-0.2184196456785088,88.4774338470585,63.63656615294147,54.851213404577486,A,2020-12-31
,,,,,,,,,,,,,,,,,0.027089793390912525,2418210.75,-237962.3666666667,51854.21234089183,1.5628571428571425,0.0015925471600101056,-0.6254512252470896,0.2828514526413432,0.06735965775269878,-0.4251856589780824,0.14445492521223574,154985362.0,0.00030247513779824153,10.720000000000013,0.0848258355662106,-0.06232206093035586,88.85484570288084,63.61648763045252,56.954766836685344,A,2020-12-31
,,,,,,,,,,,,,,,,,0.025201928207821207,2406746.75,-905083.0333333332,27035.344024305698,1.4150000000000003,0.0015831495006615015,-0.8011605267002043,0.3269563781187124,0.12286052407935084,-0.4472289526594372,0.08948604226454474,154866182.0,0.0004827041409152244,6.859999999999999,0.04716796286248259,0.04125900085723799,89.10835757986102,63.59164242013896,56.99103238862383,A,2020-12-31
,,,,,,,,,,,,,,,,,0.022960808623296566,2351875.25,-653143.0333333332,11105.161268167663,1.3442857142857139,0.0015781770275267945,-0.8110383767526687,0.35838829890662355,0.17379341809062157,-0.4660885126279569,0.043572154471544805,154376582.0,0.0006430966877606359,3.430000000000007,0.12409420289855078,0.09742309831513296,89.23924621947968,63.575087113853655,55.3158922999968,A,2020-12-31
,,,,,,,,,,,,,,,,,0.022537036077149176,2324020.1,260927.8500000001,23087.105616853572,1.366428571428571,0.001546400360071337,-0.8607917564965398,0.463055905248536,0.14094151002297176,-0.4511320945265629,0.09423459244532802,155371089.0,0.0007865059239131611,7.109999999999999,0.16410033167495852,0.1608284217429059,89.45275574698168,63.59857758635165,57.45332973514251,A,2020-12-31
,,,,,,,,,,,,,,,,,0.017961972016766206,2287575.1,408334.0166666666,39156.77788698254,1.3521428571428575,0.0015518181812065287,-0.8522765650208106,0.43617425970991797,0.1272357063502283,-0.4455031477269582,0.10662295081967207,157101959.0,0.0009203658320020569,8.129999999999995,0.23999263584240715,0.27125547452942556,89.74597482853027,63.57635850480305,58.045425960182634,A,2020-12-31
,,,,,,,,,,,,,,,,,0.01911202830903528,2200165.3,-1478130.0333333332,-427.650655745063,1.2678571428571428,0.0015667388376508096,-0.7245388669519437,0.3675767016378686,0.08155345236809829,-0.42634389273942713,0.15168316831683162,156579182.0,0.0010544522082795993,11.489999999999995,0.19102551242184118,0.45471128493589674,90.21657245251802,63.488760880815306,58.00627903858501,A,2020-12-31
,,,,,,,,,,,,,,,,,0.01916069841636095,2156474.5,-950016.0666666669,-21991.252773276996,1.249285714285715,0.0015645920179641589,-0.7474102044717845,0.3759982132567307,0.0716814819977711,-0.42325486957573644,0.1610067918497803,156133564.0,0.001186502221359298,12.090000000000003,0.21275175723168416,0.6215125032547348,90.67213052137073,63.43620281196259,57.922895572358364,A,2020-12-31
,,,,,,,,,,,,,,,,,0.019301109906323145,2111474.5,-726236.0666666669,-35653.82652380038,1.2650000000000017,0.0015663142590662514,-0.7550896332368593,0.36944644359498546,0.0819378503212818,-0.4264656828163207,0.15152321404815752,155654164.0,0.0013126997251620143,11.39,0.1651218882596841,0.7566694656500346,91.07106861343654,63.41693138656346,55.74582505918742,A,2020-12-31
,,,,,,,,,,,,,,,,,0.018534471155776996,2023730.5,-1401675.3666666667,-68378.82719363738,1.326428571428572,0.001562306525963721,-0.8215909663943486,0.38207220294025407,0.036136065276635584,-0.41076562124994215,0.19674576271186447,153970522.0,0.0014380377512703824,14.510000000000005,0.1461803583822321,0.9290046594810235,91.56949536272741,63.40217130393929,57.403679264789645,A,2020-12-31
,,,,,,,,,,,,,,,,,0.01401009433352089,1997018.7,-1330356.2666666666,-96627.42077331105,1.365714285714287,0.0015275403812783197,-1.2567646905238734,0.5138239066423477,0.06290424618089407,-0.43243160353644855,0.15122140364482342,153519376.0,0.0015634517949054683,11.699999999999989,0.26976020929708744,1.109857064696115,92.07846416088033,63.28320250578635,59.19417566293889,A,2020-12-31
,,,,,,,,,,,,,,,,,0.013913979527000587,1953129.8,-898707.25,-109990.29754025675,1.3635714285714298,0.0015181197618183654,-1.1918442027138034,0.5584557396584083,0.08062449344208,-0.44073320062152915,0.1329981143934632,153871755.0,0.0016905188203766297,10.579999999999998,0.18513166345536303,1.3054868158749713,92.60286645541494,63.1114668779184,61.209934287324764,A,2020-12-31
,,,,,,,,,,,,,,,,,0.013905260162657673,1850934.8,120735.75,-92569.21675181855,1.2907142857142884,0.0015165536652759696,-1.2563975599364143,0.5653414677462498,0.07550157548979027,-0.4391259193760311,0.1379047619047619,154599855.0,0.0018149772779183504,10.86,0.3046138617330669,1.4691523099996004,93.09183855013566,62.984494783197675,58.53055453920724,A,2020-12-31
,,,,,,,,,,,,,,,,,0.013752740499747007,1893169.6,1125052.4666666668,-47093.37031496642,1.2335714285714314,0.0015063131307437177,-1.2257853304740989,0.6100433073691993,0.044326425070423114,-0.4289018417399133,0.16963011031797545,155597012.0,0.0019369109022751019,13.070000000000007,0.2104840531990444,1.6326694457993938,93.62643042746127,62.885569572538735,61.60832324865338,A,2020-12-31
,,,,,,,,,,,,,,,,,0.01377085586089053,1874693.1,-979810.2000000002,-65988.53914534999,1.220714285714288,0.0015013739778970058,-1.2948700584335053,0.6372060737254404,0.08247454905293745,-0.44269379032517087,0.13484713941392865,154542612.0,0.0020523386877795424,10.629999999999995,0.14921745226230199,1.762261981014575,94.0731985239609,62.79313480937243,59.357796201695884,A,2020-12-31
,,,,,,,,,,,,,,,,,0.01394774368173245,1876398.1,-946927.2333333334,-82329.61989933439,1.2528571428571453,0.0014816838894266332,-1.2974885216566607,0.7208466806491294,0.06595855567967233,-0.4353004684876471,0.16283952237239224,154639634.0,0.0021574566487110314,12.41000000000001,0.191319199057715,1.855234127996681,94.48729801061656,62.792701989383445,57.28351610442439,A,2020-12-31
,,,,,,,,,,,,,,,,,0.014085529091407175,1886950.75,-889995.7333333334,-95996.4165244773,1.2807142857142872,0.0014729209632976209,-1.3083702730674476,0.7696202210459426,0.10867684730549815,-0.4517610929087885,0.12332439678284178,153914924.0,0.0022500053309186807,9.659999999999997,0.0762191672324053,1.9203392905671137,94.83071761384662,62.771282386153395,58.345800890193814,A,2020-12-31
,,,,,,,,,,,,,,,,,0.014135238300779372,1891299.1,-917168.7333333334,-109758.32257961435,1.2807142857142872,0.001464697458269633,-1.3109976930702416,0.8083178202374169,0.09334307863402468,-0.44653282384286863,0.14043551962446207,152842124.0,0.002328637243395937,10.769999999999996,0.053221752699754044,1.9625306353636915,95.15461299535289,62.80638700464709,56.254619117102294,A,2020-12-31
,,,,,,,,,,,,,,,,,0.013967854450203827,1858805.5,-1112991.0499999998,-128412.91310051922,1.2035714285714303,0.0014404057170812315,-1.2936217600555815,0.9191944611026768,0.06345596613417859,-0.434397890865385,0.18316898554640013,151801143.0,0.0023946822697387127,13.560000000000002,0.005716920239742018,2.0024744215974692,95.47788481287984,62.935115187120175,59.15836965736177,A,2020-12-31
,,,,,,,,,,,,,,,,,0.013470587175189118,1882058.25,-610663.5,-131213.82578519825,1.210714285714287,0.0014412425868166971,-1.2995431614977717,0.9155326571835004,0.07433350797670782,-0.43783262816889645,0.17361484669176971,151401810.0,0.0024478330707611295,12.909999999999997,0.058581645639663504,2.0273792789221545,95.7735879933319,63.06974534000143,56.155250088381116,A,2020-12-31
,,,,,,,,,,,,,,,,,0.013391287083622489,1932663.25,-672346.0166666666,-135484.67733599478,1.2150000000000014,0.0013930205525527427,-1.4390711815726125,1.098211750075402,0.0843577391228775,-0.4285934830246996,0.22010792388525988,151196761.0,0.002484496689373783,15.5,0.03861168720263519,2.0088282187678743,95.94294071433481,63.4170592856652,53.608960317418145,A,2020-12-31
,,,,,,,,,,,,,,,,,0.0135939562810088,1901564.2,-794847.2666666666,-142808.2470820027,1.2171428571428586,0.0013872463718537075,-1.4583455271887253,1.1388841758481203,0.13056409503554026,-0.44574208440827157,0.17692626919352594,151079596.0,0.0025037129544331904,12.789999999999992,0.10753211366290394,1.9648700337658056,96.09726595620799,63.689067377125355,54.88687415523824,A,2020-12-31
,,,,,,,,,,,,,,,,,0.013040238374767804,1917423.2,-521786.6000000001,-141615.30691549997,1.2357142857142864,0.0013450166617280915,-1.468331082872033,1.3353543152008918,0.11969308460609789,-0.43288889854666457,0.23070226349390585,150899196.0,0.0025069026494266566,15.899999999999991,0.10503393746322831,1.9141902388366674,96.15095974340854,64.16537358992478,52.315655804076634,A,2020-12-31
,,,,,,,,,,,,,,,,,0.012436217792445184,1877349.3,-1384934.6,-165428.87174114143,1.1607142857142867,0.0013245387294596208,-1.4855477533366415,1.4705553540706653,0.16656073874977928,-0.4555126672876344,0.1808154146886343,150195396.0,0.0024954667114758244,12.949999999999989,0.09771120499580355,1.8576692613914076,96.24715832637727,64.50084167362274,51.72423713951312,A,2020-12-31
,,,,,,,,,,,,,,,,,0.012853266056350343,1805352.0,-1091494.8833333333,-178773.14189091302,1.1485714285714284,0.001325215822677534,-1.3932837522132113,1.4654134810706452,0.16434208047326537,-0.45463759704968243,0.18274391082977845,150119693.0,0.0024762301129768183,13.280000000000001,0.10281519492552205,1.8426193174124847,96.40172314473743,64.78894352192926,51.4839122048494,A,2020-12-31
